image,target
0,技
1,学
2,领
3,者
4,好
5,学
6,发
7,技
8,发
9,发
10,领
11,的
12,专
13,年
14,及
15,者
16,是
17,了
18,满
19,开
20,技
21,满
22,度
23,研
24,趋
25,士
26,域
27,这
28,者
29,者
30,势
31,度
32,认
33,。
34,情
35,是
36,并
37,势
38,术
39,有
40,热
41,联
42,议
43,度
44,体
45,者
46,的
47,动
48,议
49,是
50,研
51,者
52,开
53,域
54,有
55,在
56,术
57,在
58,。
59,热
60,士
61,活
62,立
63,为
64,的
65,他
66,会
67,域
68,这
69,建
70,由
71,技
72,爱
73,爱
74,热
75,发
76,这
77,织
78,。
79,有
80,动
81,域
82,度
83,在
84,科
85,佳
86,好
87,系
88,机
89,势
90,活
91,们
92,体
93,会
94,充
95,组
96,解
97,谷
98,有
99,为
100,是
101,趋
102,在
103,和
104,人
105,的
106,最
107,并
108,者
109,为
110,提
111,讨
112,学
113,与
114,最
115,所
116,专
117,体
118,绝
119,域
120,为
121,谷
122,域
123,对
124,以
125,们
126,建
127,们
128,专
129,被
130,者
131,旨
132,年
133,体
134,这
135,人
136,立
137,研
138,联
139,这
140,佳
141,发
142,发
143,者
144,研
145,被
146,以
147,是
148,的
149,由
150,科
151,组
152,与
153,由
154,爱
155,热
156,者
157,议
158,专
159,与
160,谷
161,建
162,。
163,术
164,是
165,趋
166,建
167,认
168,者
169,业
170,在
171,者
172,活
173,在
174,被
175,联
176,技
177,技
178,科
179,的
180,情
181,者
182,建
183,会
184,是
185,业
186,被
187,解
188,开
189,立
190,所
191,组
192,所
193,充
194,提
195,。
196,技
197,科
198,热
199,发
200,术
201,谷
202,旨
203,织
204,谷
205,趋
206,开
207,节
208,联
209,学
210,发
211,系
212,供
213,技
214,为
215,发
216,好
217,。
218,最
219,发
220,旨
221,技
222,讨
223,者
224,这
225,提
226,对
227,团
228,新
229,体
230,以
231,技
232,并
233,爱
234,活
235,的
236,者
237,。
238,组
239,的
240,势
241,绝
242,的
243,讨
244,建
245,对
246,充
247,开
248,新
249,和
250,团
251,者
252,所
253,士
254,织
255,研
256,领
257,有
258,趋
259,议
260,最
261,有
262,织
263,所
264,。
265,年
266,有
267,技
268,。
269,满
270,开
271,业
272,生
273,动
274,佳
275,有
276,技
277,系
278,新
279,年
280,提
281,活
282,开
283,开
284,歌
285,并
286,势
287,会
288,的
289,发
290,发
291,织
292,由
293,者
294,者
295,发
296,新
297,了
298,动
299,领
300,术
301,议
302,技
303,术
304,的
305,术
306,机
307,有
308,域
309,这
310,专
311,领
312,情
313,供
314,认
315,建
316,开
317,趋
318,情
319,并
320,度
321,提
322,会
323,术
324,节
325,了
326,为
327,术
328,充
329,了
330,技
331,体
332,会
333,对
334,年
335,开
336,好
337,所
338,会
339,他
340,发
341,域
342,会
343,士
344,是
345,度
346,会
347,这
348,并
349,士
350,领
351,充
352,提
353,学
354,者
355,活
356,有
357,生
358,们
359,有
360,佳
361,会
362,年
363,及
364,生
365,年
366,。
367,士
368,的
369,和
370,领
371,被
372,人
373,为
374,者
375,佳
376,领
377,。
378,势
379,业
380,人
381,术
382,他
383,解
384,的
385,技
386,业
387,活
388,和
389,机
390,绝
391,最
392,热
393,士
394,解
395,了
396,绝
397,的
398,提
399,研
400,解
401,者
402,专
403,节
404,节
405,者
406,联
407,域
408,度
409,机
410,旨
411,。
412,会
413,联
414,趋
415,开
416,了
417,认
418,人
419,谷
420,他
421,为
422,域
423,是
424,技
425,发
426,情
427,人
428,研
429,者
430,为
431,技
432,这
433,和
434,绝
435,谷
436,会
437,好
438,是
439,与
440,业
441,并
442,发
443,了
444,开
445,这
446,域
447,动
448,会
449,团
450,术
451,被
452,人
453,佳
454,所
455,认
456,组
457,旨
458,研
459,对
460,他
461,最
462,和
463,提
464,为
465,为
466,最
467,者
468,了
469,联
470,及
471,所
472,织
473,技
474,新
475,会
476,士
477,组
478,充
479,绝
480,学
481,歌
482,。
483,者
484,他
485,会
486,热
487,动
488,织
489,的
490,系
491,并
492,佳
493,。
494,士
495,供
496,被
497,年
498,和
499,对
500,是
501,研
502,学
503,在
504,者
505,讨
506,在
507,和
508,技
509,好
510,会
511,体
512,。
513,术
514,研
515,佳
516,机
517,活
518,技
519,所
520,的
521,者
522,势
523,的
524,度
525,组
526,。
527,组
528,技
529,了
530,技
531,士
532,开
533,开
534,。
535,技
536,体
537,绝
538,。
539,专
540,会
541,。
542,。
543,以
544,。
545,议
546,者
547,团
548,生
549,发
550,在
551,提
552,开
553,者
554,业
555,所
556,供
557,们
558,对
559,趋
560,组
561,的
562,的
563,由
564,的
565,及
566,技
567,充
568,对
569,发
570,爱
571,发
572,由
573,趋
574,立
575,域
576,年
577,旨
578,会
579,最
580,度
581,者
582,在
583,满
584,发
585,联
586,团
587,讨
588,人
589,认
590,发
591,会
592,是
593,们
594,人
595,研
596,好
597,绝
598,绝
599,领
600,立
601,旨
602,发
603,会
604,所
605,所
606,以
607,对
608,立
609,为
610,动
611,新
612,讨
613,发
614,人
615,会
616,。
617,。
618,们
619,旨
620,供
621,体
622,组
623,活
624,者
625,。
626,。
627,度
628,织
629,立
630,及
631,为
632,及
633,术
634,他
635,技
636,与
637,者
638,的
639,在
640,士
641,提
642,他
643,技
644,会
645,并
646,提
647,活
648,年
649,以
650,谷
651,机
652,热
653,他
654,领
655,。
656,歌
657,系
658,爱
659,的
660,的
661,在
662,对
663,热
664,域
665,体
666,有
667,这
668,的
669,。
670,者
671,技
672,联
673,满
674,趋
675,度
676,人
677,组
678,团
679,佳
680,与
681,技
682,解
683,生
684,及
685,动
686,情
687,绝
688,好
689,讨
690,所
691,旨
692,组
693,提
694,发
695,会
696,议
697,业
698,联
699,织
700,活
701,立
702,最
703,所
704,势
705,专
706,是
707,术
708,术
709,技
710,是
711,士
712,旨
713,人
714,的
715,者
716,以
717,科
718,学
719,会
720,开
721,所
722,热
723,域
724,度
725,爱
726,术
727,度
728,。
729,立
730,年
731,人
732,热
733,人
734,并
735,和
736,。
737,趋
738,者
739,技
740,者
741,者
742,学
743,的
744,他
745,满
746,所
747,织
748,生
749,是
750,是
751,在
752,供
753,是
754,发
755,联
756,新
757,建
758,技
759,建
760,领
761,者
762,术
763,士
764,度
765,了
766,系
767,供
768,谷
769,发
770,立
771,织
772,热
773,者
774,是
775,讨
776,研
777,及
778,术
779,情
780,立
781,技
782,开
783,者
784,佳
785,术
786,的
787,爱
788,由
789,组
790,所
791,开
792,讨
793,满
794,与
795,佳
796,与
797,与
798,谷
799,谷
800,会
801,团
802,动
803,最
804,满
805,以
806,开
807,是
808,了
809,满
810,技
811,这
812,。
813,是
814,供
815,立
816,者
817,人
818,人
819,域
820,所
821,者
822,织
823,旨
824,。
825,势
826,歌
827,佳
828,们
829,织
830,最
831,趋
832,者
833,发
834,的
835,体
836,学
837,以
838,。
839,联
840,好
841,为
842,为
843,人
844,。
845,度
846,的
847,开
848,充
849,系
850,度
851,他
852,热
853,域
854,有
855,生
856,为
857,及
858,发
859,者
860,术
861,好
862,体
863,立
864,者
865,技
866,发
867,以
868,所
869,提
870,趋
871,发
872,开
873,发
874,的
875,人
876,系
877,年
878,并
879,领
880,发
881,系
882,满
883,者
884,为
885,系
886,并
887,团
888,者
889,热
890,。
891,并
892,趋
893,与
894,技
895,节
896,有
897,技
898,讨
899,歌
900,领
901,充
902,度
903,热
904,提
905,趋
906,士
907,会
908,解
909,术
910,了
911,节
912,是
913,是
914,为
915,为
916,的
917,体
918,机
919,域
920,域
921,发
922,势
923,充
924,节
925,谷
926,士
927,新
928,的
929,的
930,与
931,科
932,开
933,爱
934,议
935,为
936,与
937,开
938,者
939,业
940,了
941,业
942,体
943,系
944,供
945,好
946,者
947,谷
948,是
949,发
950,业
951,了
952,的
953,机
954,佳
955,技
956,体
957,机
958,。
959,情
960,年
961,的
962,发
963,所
964,歌
965,度
966,对
967,学
968,者
969,活
970,域
971,发
972,议
973,有
974,者
975,旨
976,他
977,热
978,被
979,建
980,以
981,的
982,新
983,会
984,热
985,和
986,科
987,的
988,的
989,年
990,有
991,织
992,趋
993,。
994,人
995,发
996,联
997,开
998,。
999,者
1000,趋
1001,与
1002,活
1003,是
1004,域
1005,爱
1006,联
1007,。
1008,歌
1009,满
1010,与
1011,立
1012,被
1013,由
1014,组
1015,趋
1016,是
1017,的
1018,体
1019,为
1020,为
1021,供
1022,研
1023,学
1024,这
1025,在
1026,好
1027,最
1028,佳
1029,团
1030,佳
1031,爱
1032,充
1033,议
1034,由
1035,了
1036,和
1037,最
1038,这
1039,发
1040,所
1041,与
1042,以
1043,所
1044,体
1045,热
1046,供
1047,活
1048,为
1049,及
1050,了
1051,动
1052,由
1053,发
1054,业
1055,联
1056,歌
1057,域
1058,活
1059,的
1060,解
1061,人
1062,生
1063,。
1064,对
1065,会
1066,势
1067,势
1068,会
1069,由
1070,人
1071,会
1072,为
1073,有
1074,开
1075,他
1076,最
1077,专
1078,对
1079,技
1080,的
1081,了
1082,趋
1083,开
1084,业
1085,发
1086,发
1087,趋
1088,对
1089,的
1090,爱
1091,他
1092,最
1093,。
1094,节
1095,是
1096,者
1097,被
1098,他
1099,业
1100,爱
1101,是
1102,者
1103,是
1104,由
1105,对
1106,联
1107,的
1108,。
1109,。
1110,专
1111,谷
1112,联
1113,最
1114,的
1115,与
1116,趋
1117,及
1118,发
1119,组
1120,织
1121,他
1122,为
1123,最
1124,开
1125,研
1126,生
1127,者
1128,动
1129,及
1130,及
1131,以
1132,新
1133,业
1134,会
1135,对
1136,们
1137,最
1138,发
1139,谷
1140,发
1141,系
1142,有
1143,趋
1144,技
1145,势
1146,生
1147,好
1148,年
1149,者
1150,技
1151,充
1152,趋
1153,技
1154,势
1155,有
1156,热
1157,会
1158,最
1159,组
1160,发
1161,士
1162,有
1163,体
1164,动
1165,。
1166,势
1167,开
1168,织
1169,旨
1170,旨
1171,趋
1172,术
1173,专
1174,体
1175,开
1176,动
1177,专
1178,科
1179,认
1180,满
1181,最
1182,好
1183,他
1184,所
1185,爱
1186,生
1187,者
1188,活
1189,域
1190,势
1191,域
1192,绝
1193,者
1194,活
1195,域
1196,活
1197,者
1198,被
1199,会
1200,谷
1201,歌
1202,技
1203,术
1204,生
1205,他
1206,新
1207,开
1208,他
1209,歌
1210,组
1211,是
1212,的
1213,开
1214,开
1215,热
1216,谷
1217,是
1218,讨
1219,团
1220,充
1221,人
1222,是
1223,好
1224,开
1225,情
1226,机
1227,发
1228,们
1229,发
1230,好
1231,年
1232,供
1233,提
1234,年
1235,。
1236,最
1237,爱
1238,者
1239,以
1240,术
1241,技
1242,供
1243,度
1244,解
1245,势
1246,所
1247,这
1248,研
1249,生
1250,动
1251,他
1252,开
1253,新
1254,发
1255,建
1256,人
1257,域
1258,术
1259,学
1260,的
1261,所
1262,度
1263,和
1264,立
1265,。
1266,由
1267,是
1268,是
1269,团
1270,活
1271,为
1272,所
1273,开
1274,开
1275,在
1276,新
1277,研
1278,们
1279,者
1280,系
1281,开
1282,热
1283,情
1284,爱
1285,联
1286,热
1287,趋
1288,人
1289,开
1290,织
1291,年
1292,充
1293,节
1294,度
1295,是
1296,者
1297,研
1298,充
1299,及
1300,和
1301,为
1302,爱
1303,有
1304,。
1305,为
1306,的
1307,由
1308,发
1309,以
1310,为
1311,们
1312,是
1313,生
1314,研
1315,讨
1316,歌
1317,以
1318,学
1319,术
1320,的
1321,技
1322,生
1323,士
1324,科
1325,绝
1326,他
1327,立
1328,组
1329,研
1330,人
1331,并
1332,最
1333,及
1334,活
1335,最
1336,热
1337,者
1338,机
1339,者
1340,解
1341,动
1342,年
1343,与
1344,人
1345,发
1346,是
1347,佳
1348,佳
1349,。
1350,以
1351,被
1352,会
1353,。
1354,系
1355,系
1356,议
1357,术
1358,团
1359,会
1360,的
1361,动
1362,被
1363,发
1364,体
1365,情
1366,域
1367,度
1368,对
1369,域
1370,新
1371,的
1372,研
1373,者
1374,认
1375,开
1376,会
1377,术
1378,立
1379,发
1380,会
1381,情
1382,体
1383,在
1384,者
1385,他
1386,开
1387,讨
1388,谷
1389,满
1390,爱
1391,供
1392,对
1393,由
1394,研
1395,会
1396,新
1397,情
1398,满
1399,和
1400,讨
1401,者
1402,有
1403,他
1404,在
1405,被
1406,人
1407,会
1408,年
1409,领
1410,以
1411,开
1412,联
1413,联
1414,他
1415,动
1416,和
1417,并
1418,年
1419,由
1420,新
1421,技
1422,好
1423,会
1424,由
1425,学
1426,系
1427,研
1428,立
1429,团
1430,节
1431,人
1432,的
1433,对
1434,与
1435,发
1436,有
1437,技
1438,开
1439,生
1440,最
1441,以
1442,提
1443,业
1444,者
1445,以
1446,者
1447,充
1448,有
1449,了
1450,这
1451,好
1452,有
1453,织
1454,与
1455,为
1456,联
1457,开
1458,生
1459,术
1460,会
1461,所
1462,对
1463,议
1464,立
1465,发
1466,议
1467,开
1468,人
1469,趋
1470,所
1471,们
1472,业
1473,建
1474,联
1475,者
1476,他
1477,情
1478,动
1479,联
1480,人
1481,充
1482,建
1483,。
1484,有
1485,发
1486,者
1487,度
1488,势
1489,歌
1490,。
1491,议
1492,由
1493,会
1494,联
1495,为
1496,士
1497,建
1498,领
1499,领
1500,与
1501,发
1502,佳
1503,有
1504,情
1505,会
1506,是
1507,趋
1508,专
1509,领
1510,供
1511,开
1512,发
1513,谷
1514,他
1515,由
1516,有
1517,业
1518,技
1519,立
1520,系
1521,最
1522,业
1523,歌
1524,域
1525,与
1526,团
1527,联
1528,是
1529,所
1530,对
1531,以
1532,人
1533,佳
1534,在
1535,生
1536,并
1537,会
1538,科
1539,会
1540,业
1541,活
1542,领
1543,组
1544,佳
1545,开
1546,歌
1547,研
1548,发
1549,发
1550,的
1551,。
1552,体
1553,建
1554,体
1555,议
1556,新
1557,的
1558,这
1559,为
1560,他
1561,满
1562,生
1563,士
1564,立
1565,技
1566,佳
1567,发
1568,们
1569,有
1570,术
1571,织
1572,研
1573,发
1574,学
1575,学
1576,生
1577,者
1578,新
1579,联
1580,学
1581,研
1582,会
1583,认
1584,组
1585,提
1586,所
1587,者
1588,技
1589,议
1590,新
1591,为
1592,士
1593,学
1594,热
1595,学
1596,充
1597,业
1598,技
1599,开
1600,开
1601,发
1602,开
1603,势
1604,士
1605,爱
1606,情
1607,了
1608,新
1609,所
1610,域
1611,满
1612,讨
1613,讨
1614,议
1615,会
1616,技
1617,的
1618,势
1619,士
1620,织
1621,活
1622,。
1623,是
1624,以
1625,机
1626,为
1627,业
1628,研
1629,机
1630,术
1631,开
1632,并
1633,者
1634,最
1635,解
1636,和
1637,和
1638,佳
1639,歌
1640,领
1641,体
1642,系
1643,者
1644,生
1645,提
1646,。
1647,。
1648,。
1649,动
1650,讨
1651,充
1652,联
1653,。
1654,研
1655,会
1656,专
1657,议
1658,绝
1659,提
1660,和
1661,以
1662,年
1663,域
1664,发
1665,为
1666,科
1667,研
1668,。
1669,立
1670,满
1671,解
1672,年
1673,发
1674,专
1675,及
1676,被
1677,的
1678,及
1679,技
1680,技
1681,立
1682,系
1683,组
1684,谷
1685,讨
1686,技
1687,解
1688,歌
1689,并
1690,机
1691,者
1692,团
1693,情
1694,在
1695,热
1696,为
1697,度
1698,及
1699,节
1700,者
1701,谷
1702,发
1703,开
1704,被
1705,歌
1706,开
1707,生
1708,立
1709,旨
1710,者
1711,热
1712,建
1713,的
1714,在
1715,为
1716,了
1717,最
1718,在
1719,是
1720,开
1721,这
1722,团
1723,会
1724,。
1725,。
1726,联
1727,者
1728,和
1729,旨
1730,者
1731,满
1732,建
1733,为
1734,年
1735,技
1736,的
1737,是
1738,织
1739,解
1740,生
1741,者
1742,开
1743,和
1744,为
1745,最
1746,以
1747,为
1748,供
1749,旨
1750,生
1751,开
1752,织
1753,者
1754,了
1755,新
1756,发
1757,机
1758,发
1759,新
1760,科
1761,科
1762,为
1763,及
1764,的
1765,术
1766,充
1767,联
1768,提
1769,团
1770,提
1771,旨
1772,节
1773,与
1774,认
1775,会
1776,开
1777,的
1778,情
1779,发
1780,佳
1781,建
1782,歌
1783,年
1784,者
1785,及
1786,满
1787,有
1788,解
1789,体
1790,在
1791,情
1792,者
1793,发
1794,会
1795,会
1796,的
1797,组
1798,所
1799,人
1800,组
1801,团
1802,他
1803,立
1804,度
1805,者
1806,士
1807,专
1808,供
1809,提
1810,这
1811,开
1812,立
1813,供
1814,充
1815,士
1816,讨
1817,团
1818,技
1819,织
1820,者
1821,热
1822,的
1823,术
1824,联
1825,供
1826,为
1827,的
1828,歌
1829,开
1830,绝
1831,系
1832,会
1833,域
1834,建
1835,发
1836,术
1837,建
1838,由
1839,专
1840,议
1841,为
1842,术
1843,为
1844,佳
1845,会
1846,生
1847,组
1848,议
1849,趋
1850,开
1851,者
1852,在
1853,是
1854,开
1855,建
1856,对
1857,系
1858,情
1859,会
1860,与
1861,技
1862,及
1863,情
1864,团
1865,活
1866,们
1867,他
1868,开
1869,开
1870,和
1871,业
1872,的
1873,谷
1874,者
1875,以
1876,和
1877,士
1878,。
1879,立
1880,最
1881,术
1882,动
1883,机
1884,团
1885,学
1886,会
1887,们
1888,热
1889,趋
1890,动
1891,团
1892,是
1893,人
1894,。
1895,年
1896,领
1897,年
1898,术
1899,他
1900,节
1901,动
1902,和
1903,团
1904,发
1905,会
1906,业
1907,的
1908,情
1909,了
1910,的
1911,佳
1912,绝
1913,热
1914,。
1915,讨
1916,会
1917,活
1918,年
1919,系
1920,开
1921,发
1922,有
1923,所
1924,体
1925,年
1926,这
1927,开
1928,领
1929,活
1930,动
1931,他
1932,。
1933,的
1934,者
1935,域
1936,技
1937,谷
1938,。
1939,认
1940,趋
1941,者
1942,联
1943,提
1944,这
1945,被
1946,。
1947,情
1948,组
1949,充
1950,谷
1951,发
1952,域
1953,年
1954,是
1955,领
1956,立
1957,的
1958,学
1959,技
1960,业
1961,解
1962,谷
1963,学
1964,为
1965,节
1966,域
1967,动
1968,会
1969,势
1970,发
1971,满
1972,动
1973,爱
1974,发
1975,满
1976,业
1977,。
1978,最
1979,生
1980,动
1981,领
1982,和
1983,和
1984,趋
1985,最
1986,认
1987,活
1988,是
1989,解
1990,域
1991,趋
1992,由
1993,认
1994,团
1995,业
1996,了
1997,及
1998,人
1999,建
2000,是
2001,这
2002,绝
2003,会
2004,者
2005,者
2006,和
2007,科
2008,们
2009,并
2010,技
2011,他
2012,会
2013,被
2014,议
2015,会
2016,活
2017,。
2018,供
2019,有
2020,有
2021,满
2022,人
2023,满
2024,技
2025,热
2026,发
2027,科
2028,建
2029,业
2030,年
2031,人
2032,们
2033,发
2034,。
2035,者
2036,以
2037,技
2038,联
2039,度
2040,领
2041,发
2042,活
2043,提
2044,团
2045,并
2046,者
2047,议
2048,歌
2049,术
2050,是
2051,对
2052,度
2053,会
2054,爱
2055,和
2056,是
2057,势
2058,人
2059,发
2060,领
2061,谷
2062,热
2063,业
2064,机
2065,充
2066,人
2067,为
2068,开
2069,认
2070,。
2071,解
2072,开
2073,领
2074,域
2075,歌
2076,术
2077,动
2078,发
2079,最
2080,为
2081,满
2082,佳
2083,活
2084,术
2085,年
2086,术
2087,所
2088,者
2089,他
2090,供
2091,域
2092,度
2093,了
2094,会
2095,这
2096,谷
2097,满
2098,人
2099,所
2100,是
2101,专
2102,技
2103,开
2104,开
2105,团
2106,者
2107,供
2108,技
2109,者
2110,技
2111,开
2112,动
2113,开
2114,开
2115,者
2116,者
2117,人
2118,体
2119,学
2120,供
2121,者
2122,领
2123,年
2124,机
2125,团
2126,士
2127,生
2128,这
2129,者
2130,在
2131,学
2132,对
2133,为
2134,趋
2135,组
2136,被
2137,是
2138,织
2139,发
2140,热
2141,情
2142,最
2143,生
2144,织
2145,度
2146,会
2147,认
2148,研
2149,术
2150,和
2151,动
2152,技
2153,爱
2154,机
2155,供
2156,术
2157,的
2158,歌
2159,机
2160,技
2161,绝
2162,的
2163,以
2164,在
2165,与
2166,佳
2167,系
2168,谷
2169,是
2170,机
2171,。
2172,开
2173,为
2174,者
2175,旨
2176,们
2177,了
2178,满
2179,会
2180,情
2181,这
2182,立
2183,开
2184,情
2185,议
2186,术
2187,提
2188,者
2189,发
2190,他
2191,绝
2192,领
2193,的
2194,在
2195,满
2196,的
2197,对
2198,节
2199,科
2200,为
2201,学
2202,热
2203,是
2204,科
2205,织
2206,满
2207,谷
2208,是
2209,对
2210,术
2211,爱
2212,供
2213,人
2214,有
2215,他
2216,术
2217,所
2218,旨
2219,建
2220,热
2221,学
2222,以
2223,及
2224,供
2225,技
2226,者
2227,以
2228,度
2229,的
2230,对
2231,领
2232,提
2233,科
2234,趋
2235,议
2236,术
2237,者
2238,的
2239,满
2240,者
2241,开
2242,。
2243,会
2244,讨
2245,是
2246,提
2247,术
2248,发
2249,开
2250,由
2251,谷
2252,及
2253,发
2254,者
2255,者
2256,节
2257,士
2258,对
2259,术
2260,有
2261,动
2262,他
2263,并
2264,佳
2265,满
2266,议
2267,人
2268,了
2269,立
2270,对
2271,情
2272,技
2273,他
2274,们
2275,有
2276,术
2277,会
2278,业
2279,认
2280,势
2281,并
2282,动
2283,机
2284,科
2285,团
2286,他
2287,人
2288,组
2289,开
2290,为
2291,好
2292,了
2293,他
2294,供
2295,生
2296,会
2297,业
2298,者
2299,人
2300,发
2301,最
2302,最
2303,绝
2304,所
2305,织
2306,开
2307,会
2308,解
2309,是
2310,及
2311,发
2312,。
2313,为
2314,度
2315,势
2316,人
2317,人
2318,动
2319,被
2320,对
2321,活
2322,由
2323,并
2324,这
2325,在
2326,。
2327,是
2328,年
2329,为
2330,最
2331,域
2332,会
2333,学
2334,开
2335,势
2336,供
2337,技
2338,开
2339,组
2340,和
2341,解
2342,者
2343,士
2344,的
2345,与
2346,解
2347,满
2348,满
2349,议
2350,者
2351,议
2352,人
2353,歌
2354,情
2355,歌
2356,者
2357,所
2358,他
2359,爱
2360,开
2361,佳
2362,新
2363,爱
2364,旨
2365,新
2366,开
2367,学
2368,会
2369,科
2370,技
2371,术
2372,是
2373,对
2374,度
2375,爱
2376,有
2377,发
2378,技
2379,。
2380,。
2381,情
2382,以
2383,技
2384,和
2385,会
2386,对
2387,谷
2388,发
2389,开
2390,为
2391,与
2392,会
2393,发
2394,绝
2395,最
2396,年
2397,供
2398,满
2399,立
2400,会
2401,开
2402,人
2403,发
2404,及
2405,在
2406,度
2407,领
2408,专
2409,人
2410,机
2411,会
2412,织
2413,。
2414,开
2415,者
2416,热
2417,。
2418,和
2419,充
2420,爱
2421,术
2422,旨
2423,节
2424,者
2425,并
2426,专
2427,机
2428,及
2429,佳
2430,系
2431,度
2432,。
2433,联
2434,绝
2435,度
2436,的
2437,活
2438,者
2439,度
2440,系
2441,技
2442,会
2443,充
2444,技
2445,情
2446,趋
2447,技
2448,开
2449,立
2450,。
2451,士
2452,建
2453,对
2454,人
2455,绝
2456,由
2457,及
2458,新
2459,及
2460,提
2461,者
2462,是
2463,术
2464,研
2465,为
2466,情
2467,会
2468,技
2469,开
2470,专
2471,是
2472,。
2473,佳
2474,生
2475,。
2476,节
2477,充
2478,新
2479,立
2480,技
2481,科
2482,科
2483,动
2484,会
2485,会
2486,的
2487,发
2488,会
2489,这
2490,人
2491,佳
2492,。
2493,提
2494,爱
2495,业
2496,被
2497,对
2498,。
2499,领
2500,的
2501,立
2502,立
2503,的
2504,会
2505,领
2506,的
2507,开
2508,们
2509,科
2510,士
2511,者
2512,。
2513,提
2514,有
2515,技
2516,织
2517,专
2518,对
2519,由
2520,并
2521,研
2522,谷
2523,体
2524,佳
2525,动
2526,满
2527,趋
2528,联
2529,情
2530,并
2531,动
2532,士
2533,开
2534,了
2535,由
2536,趋
2537,对
2538,组
2539,技
2540,由
2541,发
2542,旨
2543,节
2544,机
2545,情
2546,度
2547,好
2548,技
2549,体
2550,充
2551,会
2552,生
2553,议
2554,佳
2555,会
2556,开
2557,讨
2558,讨
2559,情
2560,有
2561,联
2562,开
2563,情
2564,年
2565,者
2566,最
2567,立
2568,。
2569,织
2570,联
2571,佳
2572,被
2573,。
2574,供
2575,认
2576,趋
2577,趋
2578,情
2579,技
2580,域
2581,发
2582,被
2583,与
2584,科
2585,术
2586,的
2587,业
2588,提
2589,术
2590,供
2591,团
2592,。
2593,提
2594,讨
2595,爱
2596,立
2597,热
2598,开
2599,认
2600,在
2601,系
2602,士
2603,趋
2604,讨
2605,为
2606,势
2607,与
2608,者
2609,开
2610,所
2611,和
2612,。
2613,业
2614,年
2615,技
2616,节
2617,认
2618,技
2619,势
2620,议
2621,。
2622,绝
2623,者
2624,新
2625,人
2626,动
2627,。
2628,解
2629,。
2630,开
2631,专
2632,与
2633,歌
2634,为
2635,会
2636,会
2637,有
2638,者
2639,技
2640,生
2641,他
2642,热
2643,们
2644,发
2645,开
2646,。
2647,会
2648,情
2649,节
2650,织
2651,歌
2652,织
2653,由
2654,士
2655,与
2656,系
2657,被
2658,充
2659,机
2660,。
2661,了
2662,供
2663,技
2664,活
2665,旨
2666,团
2667,满
2668,所
2669,在
2670,。
2671,。
2672,提
2673,所
2674,讨
2675,人
2676,织
2677,体
2678,节
2679,以
2680,联
2681,开
2682,活
2683,技
2684,士
2685,联
2686,们
2687,满
2688,以
2689,以
2690,在
2691,佳
2692,领
2693,所
2694,的
2695,技
2696,是
2697,好
2698,所
2699,与
2700,发
2701,业
2702,解
2703,的
2704,对
2705,新
2706,讨
2707,生
2708,活
2709,所
2710,佳
2711,技
2712,绝
2713,所
2714,绝
2715,建
2716,绝
2717,的
2718,供
2719,充
2720,对
2721,技
2722,对
2723,所
2724,组
2725,者
2726,年
2727,为
2728,这
2729,技
2730,的
2731,。
2732,系
2733,谷
2734,的
2735,的
2736,并
2737,。
2738,以
2739,在
2740,是
2741,度
2742,者
2743,有
2744,业
2745,者
2746,以
2747,提
2748,趋
2749,联
2750,了
2751,为
2752,旨
2753,议
2754,是
2755,谷
2756,旨
2757,有
2758,团
2759,发
2760,的
2761,佳
2762,会
2763,领
2764,者
2765,会
2766,为
2767,和
2768,生
2769,为
2770,机
2771,系
2772,领
2773,最
2774,技
2775,以
2776,对
2777,业
2778,会
2779,及
2780,术
2781,开
2782,所
2783,及
2784,业
2785,者
2786,生
2787,发
2788,发
2789,会
2790,机
2791,这
2792,者
2793,热
2794,并
2795,并
2796,专
2797,与
2798,提
2799,在
2800,者
2801,节
2802,供
2803,会
2804,。
2805,提
2806,发
2807,并
2808,和
2809,最
2810,动
2811,以
2812,的
2813,爱
2814,们
2815,开
2816,议
2817,的
2818,动
2819,认
2820,提
2821,的
2822,与
2823,者
2824,由
2825,者
2826,动
2827,会
2828,联
2829,会
2830,会
2831,发
2832,组
2833,及
2834,新
2835,他
2836,是
2837,绝
2838,专
2839,业
2840,科
2841,活
2842,了
2843,由
2844,他
2845,对
2846,立
2847,是
2848,联
2849,人
2850,发
2851,领
2852,在
2853,域
2854,领
2855,爱
2856,好
2857,年
2858,的
2859,者
2860,立
2861,和
2862,所
2863,动
2864,是
2865,术
2866,机
2867,对
2868,动
2869,者
2870,组
2871,生
2872,技
2873,以
2874,歌
2875,最
2876,者
2877,者
2878,联
2879,技
2880,和
2881,趋
2882,人
2883,以
2884,业
2885,充
2886,开
2887,织
2888,会
2889,联
2890,活
2891,与
2892,开
2893,讨
2894,有
2895,年
2896,生
2897,发
2898,情
2899,开
2900,认
2901,人
2902,科
2903,团
2904,的
2905,佳
2906,活
2907,发
2908,情
2909,开
2910,趋
2911,技
2912,体
2913,人
2914,技
2915,域
2916,活
2917,发
2918,歌
2919,立
2920,者
2921,术
2922,度
2923,解
2924,系
2925,们
2926,供
2927,谷
2928,和
2929,是
2930,在
2931,情
2932,。
2933,。
2934,他
2935,由
2936,者
2937,们
2938,技
2939,这
2940,与
2941,趋
2942,与
2943,。
2944,供
2945,的
2946,的
2947,被
2948,并
2949,士
2950,满
2951,和
2952,热
2953,新
2954,领
2955,认
2956,开
2957,科
2958,好
2959,对
2960,是
2961,的
2962,技
2963,这
2964,研
2965,新
2966,会
2967,这
2968,技
2969,对
2970,团
2971,们
2972,织
2973,发
2974,会
2975,组
2976,认
2977,与
2978,开
2979,技
2980,在
2981,年
2982,最
2983,以
2984,的
2985,会
2986,者
2987,被
2988,者
2989,系
2990,士
2991,供
2992,和
2993,专
2994,学
2995,专
2996,士
2997,及
2998,与
2999,业
3000,及
3001,的
3002,开
3003,人
3004,以
3005,生
3006,团
3007,被
3008,联
3009,领
3010,织
3011,术
3012,并
3013,绝
3014,在
3015,者
3016,有
3017,的
3018,者
3019,。
3020,提
3021,节
3022,者
3023,人
3024,会
3025,情
3026,最
3027,被
3028,织
3029,被
3030,士
3031,术
3032,专
3033,了
3034,对
3035,爱
3036,由
3037,发
3038,领
3039,和
3040,满
3041,科
3042,立
3043,技
3044,系
3045,提
3046,科
3047,专
3048,团
3049,的
3050,术
3051,术
3052,活
3053,的
3054,域
3055,新
3056,生
3057,技
3058,讨
3059,议
3060,建
3061,以
3062,开
3063,生
3064,了
3065,动
3066,热
3067,解
3068,联
3069,。
3070,度
3071,新
3072,由
3073,士
3074,有
3075,绝
3076,以
3077,学
3078,人
3079,解
3080,人
3081,。
3082,科
3083,为
3084,机
3085,为
3086,由
3087,学
3088,领
3089,技
3090,联
3091,者
3092,情
3093,开
3094,者
3095,生
3096,的
3097,者
3098,的
3099,是
3100,。
3101,者
3102,度
3103,者
3104,佳
3105,满
3106,者
3107,技
3108,趋
3109,认
3110,们
3111,度
3112,有
3113,会
3114,系
3115,联
3116,势
3117,节
3118,学
3119,了
3120,势
3121,术
3122,解
3123,者
3124,充
3125,。
3126,好
3127,被
3128,系
3129,满
3130,佳
3131,为
3132,对
3133,被
3134,者
3135,发
3136,以
3137,以
3138,联
3139,业
3140,和
3141,趋
3142,技
3143,者
3144,谷
3145,节
3146,发
3147,以
3148,解
3149,议
3150,并
3151,好
3152,他
3153,系
3154,发
3155,者
3156,讨
3157,旨
3158,士
3159,。
3160,动
3161,技
3162,和
3163,。
3164,是
3165,人
3166,业
3167,被
3168,动
3169,研
3170,发
3171,技
3172,机
3173,节
3174,在
3175,业
3176,动
3177,生
3178,情
3179,被
3180,术
3181,最
3182,绝
3183,织
3184,人
3185,人
3186,机
3187,有
3188,谷
3189,解
3190,织
3191,人
3192,系
3193,好
3194,及
3195,立
3196,最
3197,开
3198,发
3199,科
3200,人
3201,佳
3202,在
3203,以
3204,度
3205,趋
3206,域
3207,人
3208,者
3209,研
3210,研
3211,歌
3212,由
3213,趋
3214,和
3215,年
3216,。
3217,术
3218,会
3219,和
3220,所
3221,并
3222,供
3223,和
3224,开
3225,在
3226,发
3227,机
3228,旨
3229,系
3230,最
3231,领
3232,了
3233,者
3234,士
3235,者
3236,术
3237,开
3238,技
3239,为
3240,学
3241,认
3242,业
3243,人
3244,势
3245,并
3246,动
3247,讨
3248,佳
3249,及
3250,研
3251,发
3252,科
3253,士
3254,业
3255,最
3256,为
3257,年
3258,供
3259,了
3260,人
3261,由
3262,者
3263,充
3264,最
3265,所
3266,与
3267,议
3268,业
3269,机
3270,专
3271,生
3272,爱
3273,是
3274,会
3275,者
3276,技
3277,开
3278,热
3279,会
3280,解
3281,术
3282,解
3283,情
3284,了
3285,和
3286,建
3287,体
3288,发
3289,是
3290,学
3291,者
3292,立
3293,绝
3294,与
3295,动
3296,动
3297,开
3298,节
3299,者
3300,热
3301,发
3302,。
3303,被
3304,机
3305,好
3306,者
3307,年
3308,人
3309,者
3310,年
3311,团
3312,年
3313,的
3314,系
3315,。
3316,与
3317,的
3318,为
3319,联
3320,趋
3321,为
3322,新
3323,专
3324,者
3325,提
3326,提
3327,者
3328,织
3329,者
3330,发
3331,议
3332,者
3333,开
3334,人
3335,所
3336,度
3337,专
3338,。
3339,立
3340,认
3341,势
3342,是
3343,技
3344,提
3345,的
3346,与
3347,科
3348,趋
3349,新
3350,学
3351,科
3352,术
3353,技
3354,对
3355,士
3356,节
3357,最
3358,立
3359,发
3360,科
3361,体
3362,者
3363,旨
3364,新
3365,他
3366,了
3367,建
3368,术
3369,开
3370,技
3371,组
3372,者
3373,学
3374,解
3375,。
3376,士
3377,系
3378,人
3379,是
3380,情
3381,对
3382,织
3383,业
3384,热
3385,系
3386,者
3387,科
3388,旨
3389,度
3390,者
3391,士
3392,技
3393,绝
3394,。
3395,讨
3396,以
3397,新
3398,发
3399,发
3400,的
3401,好
3402,开
3403,了
3404,最
3405,是
3406,发
3407,歌
3408,讨
3409,满
3410,情
3411,技
3412,术
3413,新
3414,技
3415,。
3416,解
3417,会
3418,人
3419,机
3420,热
3421,立
3422,在
3423,发
3424,供
3425,年
3426,体
3427,情
3428,的
3429,的
3430,。
3431,好
3432,体
3433,系
3434,新
3435,情
3436,势
3437,发
3438,绝
3439,势
3440,会
3441,情
3442,域
3443,谷
3444,满
3445,系
3446,这
3447,情
3448,动
3449,的
3450,是
3451,研
3452,情
3453,是
3454,技
3455,域
3456,。
3457,开
3458,者
3459,发
3460,科
3461,人
3462,会
3463,年
3464,在
3465,技
3466,势
3467,有
3468,与
3469,的
3470,对
3471,在
3472,团
3473,专
3474,为
3475,联
3476,的
3477,者
3478,联
3479,。
3480,学
3481,势
3482,旨
3483,被
3484,体
3485,者
3486,学
3487,供
3488,生
3489,业
3490,立
3491,为
3492,科
3493,发
3494,了
3495,热
3496,研
3497,的
3498,开
3499,并
3500,者
3501,会
3502,与
3503,和
3504,情
3505,开
3506,人
3507,节
3508,他
3509,有
3510,动
3511,他
3512,的
3513,提
3514,认
3515,会
3516,开
3517,和
3518,佳
3519,者
3520,者
3521,术
3522,认
3523,并
3524,。
3525,生
3526,绝
3527,者
3528,人
3529,会
3530,开
3531,织
3532,的
3533,势
3534,好
3535,开
3536,绝
3537,这
3538,和
3539,认
3540,有
3541,专
3542,度
3543,他
3544,联
3545,议
3546,爱
3547,发
3548,由
3549,组
3550,术
3551,所
3552,歌
3553,团
3554,与
3555,充
3556,情
3557,充
3558,者
3559,绝
3560,并
3561,在
3562,开
3563,是
3564,是
3565,技
3566,者
3567,对
3568,是
3569,团
3570,以
3571,绝
3572,立
3573,。
3574,为
3575,士
3576,及
3577,技
3578,佳
3579,新
3580,这
3581,他
3582,专
3583,们
3584,的
3585,科
3586,组
3587,系
3588,节
3589,生
3590,他
3591,技
3592,佳
3593,联
3594,对
3595,技
3596,技
3597,术
3598,术
3599,术
3600,及
3601,会
3602,领
3603,的
3604,认
3605,建
3606,联
3607,组
3608,为
3609,动
3610,开
3611,的
3612,佳
3613,这
3614,技
3615,是
3616,人
3617,被
3618,发
3619,生
3620,业
3621,和
3622,满
3623,被
3624,。
3625,对
3626,域
3627,士
3628,在
3629,织
3630,开
3631,动
3632,开
3633,势
3634,所
3635,们
3636,是
3637,人
3638,会
3639,新
3640,及
3641,最
3642,度
3643,旨
3644,为
3645,联
3646,们
3647,者
3648,会
3649,是
3650,与
3651,讨
3652,学
3653,最
3654,开
3655,歌
3656,讨
3657,团
3658,节
3659,开
3660,被
3661,为
3662,绝
3663,技
3664,解
3665,的
3666,联
3667,者
3668,立
3669,者
3670,议
3671,了
3672,者
3673,及
3674,节
3675,体
3676,并
3677,爱
3678,议
3679,提
3680,专
3681,发
3682,开
3683,歌
3684,立
3685,机
3686,解
3687,歌
3688,的
3689,有
3690,联
3691,度
3692,爱
3693,趋
3694,这
3695,开
3696,会
3697,所
3698,术
3699,爱
3700,及
3701,的
3702,建
3703,者
3704,研
3705,供
3706,情
3707,提
3708,供
3709,技
3710,联
3711,的
3712,由
3713,是
3714,团
3715,活
3716,是
3717,域
3718,体
3719,并
3720,势
3721,技
3722,。
3723,了
3724,会
3725,术
3726,认
3727,会
3728,立
3729,科
3730,讨
3731,度
3732,提
3733,的
3734,生
3735,热
3736,爱
3737,讨
3738,年
3739,谷
3740,热
3741,并
3742,。
3743,趋
3744,满
3745,术
3746,最
3747,的
3748,是
3749,了
3750,织
3751,立
3752,讨
3753,供
3754,体
3755,满
3756,的
3757,满
3758,旨
3759,是
3760,为
3761,度
3762,以
3763,为
3764,开
3765,认
3766,开
3767,年
3768,为
3769,了
3770,学
3771,机
3772,讨
3773,系
3774,者
3775,会
3776,者
3777,开
3778,是
3779,佳
3780,趋
3781,供
3782,科
3783,织
3784,的
3785,研
3786,歌
3787,以
3788,业
3789,发
3790,被
3791,织
3792,开
3793,最
3794,动
3795,认
3796,提
3797,。
3798,会
3799,爱
3800,爱
3801,会
3802,开
3803,发
3804,新
3805,研
3806,势
3807,的
3808,的
3809,技
3810,机
3811,者
3812,发
3813,发
3814,士
3815,以
3816,者
3817,机
3818,由
3819,和
3820,被
3821,业
3822,新
3823,及
3824,域
3825,好
3826,科
3827,人
3828,提
3829,谷
3830,会
3831,发
3832,技
3833,为
3834,并
3835,。
3836,开
3837,为
3838,开
3839,有
3840,团
3841,动
3842,佳
3843,业
3844,的
3845,开
3846,是
3847,解
3848,建
3849,的
3850,业
3851,。
3852,领
3853,新
3854,。
3855,。
3856,及
3857,热
3858,讨
3859,对
3860,最
3861,解
3862,技
3863,所
3864,技
3865,。
3866,好
3867,发
3868,们
3869,织
3870,好
3871,并
3872,新
3873,发
3874,年
3875,绝
3876,年
3877,的
3878,被
3879,会
3880,以
3881,发
3882,团
3883,好
3884,讨
3885,提
3886,动
3887,体
3888,组
3889,人
3890,技
3891,。
3892,充
3893,及
3894,所
3895,织
3896,系
3897,活
3898,体
3899,开
3900,这
3901,人
3902,为
3903,开
3904,的
3905,会
3906,织
3907,绝
3908,。
3909,领
3910,的
3911,谷
3912,最
3913,专
3914,为
3915,他
3916,好
3917,。
3918,团
3919,会
3920,联
3921,热
3922,士
3923,认
3924,度
3925,研
3926,讨
3927,为
3928,与
3929,领
3930,生
3931,术
3932,技
3933,情
3934,情
3935,会
3936,技
3937,者
3938,者
3939,域
3940,趋
3941,者
3942,势
3943,议
3944,科
3945,技
3946,发
3947,有
3948,是
3949,趋
3950,组
3951,绝
3952,以
3953,开
3954,在
3955,和
3956,这
3957,了
3958,生
3959,新
3960,提
3961,议
3962,。
3963,业
3964,联
3965,团
3966,以
3967,热
3968,节
3969,讨
3970,好
3971,解
3972,年
3973,学
3974,年
3975,歌
3976,为
3977,与
3978,们
3979,旨
3980,讨
3981,术
3982,人
3983,业
3984,供
3985,充
3986,节
3987,绝
3988,开
3989,人
3990,域
3991,及
3992,所
3993,学
3994,被
3995,系
3996,开
3997,发
3998,领
3999,人
4000,好
4001,解
4002,体
4003,爱
4004,建
4005,最
4006,有
4007,会
4008,节
4009,士
4010,的
4011,对
4012,充
4013,对
4014,的
4015,的
4016,认
4017,是
4018,最
4019,和
4020,是
4021,研
4022,技
4023,议
4024,发
4025,佳
4026,活
4027,是
4028,发
4029,术
4030,热
4031,议
4032,建
4033,的
4034,发
4035,系
4036,认
4037,人
4038,人
4039,发
4040,开
4041,者
4042,机
4043,为
4044,解
4045,立
4046,组
4047,谷
4048,满
4049,发
4050,供
4051,与
4052,开
4053,了
4054,术
4055,对
4056,研
4057,技
4058,发
4059,们
4060,认
4061,提
4062,为
4063,。
4064,动
4065,研
4066,及
4067,体
4068,开
4069,者
4070,会
4071,势
4072,是
4073,织
4074,者
4075,的
4076,会
4077,旨
4078,科
4079,在
4080,绝
4081,域
4082,热
4083,会
4084,和
4085,认
4086,团
4087,和
4088,生
4089,供
4090,研
4091,体
4092,满
4093,动
4094,度
4095,度
4096,讨
4097,旨
4098,满
4099,者
4100,旨
4101,及
4102,解
4103,所
4104,节
4105,这
4106,生
4107,研
4108,专
4109,者
4110,最
4111,为
4112,热
4113,佳
4114,绝
4115,在
4116,技
4117,会
4118,立
4119,团
4120,技
4121,以
4122,者
4123,会
4124,的
4125,开
4126,解
4127,新
4128,歌
4129,势
4130,域
4131,立
4132,会
4133,提
4134,歌
4135,并
4136,与
4137,联
4138,开
4139,发
4140,科
4141,在
4142,者
4143,领
4144,热
4145,了
4146,团
4147,科
4148,会
4149,科
4150,这
4151,机
4152,团
4153,节
4154,及
4155,会
4156,士
4157,认
4158,者
4159,好
4160,认
4161,了
4162,趋
4163,发
4164,会
4165,所
4166,开
4167,解
4168,并
4169,佳
4170,议
4171,专
4172,新
4173,谷
4174,及
4175,充
4176,技
4177,新
4178,供
4179,学
4180,。
4181,的
4182,人
4183,发
4184,发
4185,对
4186,。
4187,术
4188,最
4189,节
4190,为
4191,绝
4192,织
4193,研
4194,由
4195,绝
4196,热
4197,对
4198,织
4199,开
4200,提
4201,体
4202,建
4203,系
4204,组
4205,活
4206,联
4207,系
4208,讨
4209,生
4210,与
4211,会
4212,。
4213,与
4214,他
4215,术
4216,体
4217,在
4218,是
4219,歌
4220,为
4221,专
4222,术
4223,提
4224,谷
4225,团
4226,佳
4227,对
4228,科
4229,。
4230,发
4231,领
4232,术
4233,解
4234,的
4235,最
4236,活
4237,旨
4238,立
4239,技
4240,这
4241,开
4242,解
4243,活
4244,科
4245,系
4246,发
4247,所
4248,了
4249,最
4250,织
4251,开
4252,发
4253,系
4254,供
4255,领
4256,以
4257,佳
4258,节
4259,并
4260,技
4261,系
4262,开
4263,的
4264,节
4265,专
4266,并
4267,为
4268,歌
4269,趋
4270,供
4271,士
4272,节
4273,年
4274,发
4275,专
4276,的
4277,体
4278,绝
4279,专
4280,热
4281,士
4282,的
4283,的
4284,是
4285,者
4286,。
4287,技
4288,他
4289,学
4290,爱
4291,是
4292,与
4293,年
4294,供
4295,度
4296,及
4297,供
4298,认
4299,及
4300,及
4301,情
4302,会
4303,与
4304,旨
4305,体
4306,趋
4307,的
4308,士
4309,热
4310,者
4311,为
4312,会
4313,提
4314,。
4315,与
4316,技
4317,由
4318,领
4319,认
4320,术
4321,供
4322,讨
4323,人
4324,认
4325,团
4326,发
4327,对
4328,业
4329,人
4330,发
4331,绝
4332,认
4333,歌
4334,科
4335,。
4336,解
4337,这
4338,满
4339,。
4340,解
4341,技
4342,者
4343,被
4344,会
4345,满
4346,认
4347,为
4348,织
4349,会
4350,业
4351,由
4352,的
4353,业
4354,所
4355,会
4356,人
4357,旨
4358,被
4359,热
4360,好
4361,研
4362,人
4363,议
4364,域
4365,动
4366,好
4367,热
4368,者
4369,旨
4370,人
4371,发
4372,是
4373,术
4374,讨
4375,者
4376,了
4377,被
4378,势
4379,的
4380,技
4381,年
4382,团
4383,这
4384,供
4385,情
4386,讨
4387,情
4388,会
4389,技
4390,佳
4391,研
4392,联
4393,会
4394,与
4395,新
4396,度
4397,领
4398,领
4399,者
4400,由
4401,是
4402,学
4403,是
4404,发
4405,了
4406,是
4407,人
4408,绝
4409,最
4410,技
4411,讨
4412,旨
4413,所
4414,趋
4415,者
4416,被
4417,节
4418,为
4419,域
4420,议
4421,最
4422,。
4423,的
4424,由
4425,议
4426,谷
4427,者
4428,业
4429,生
4430,立
4431,讨
4432,发
4433,爱
4434,满
4435,会
4436,讨
4437,技
4438,会
4439,他
4440,节
4441,由
4442,者
4443,织
4444,会
4445,爱
4446,和
4447,有
4448,人
4449,的
4450,的
4451,爱
4452,系
4453,域
4454,好
4455,及
4456,绝
4457,佳
4458,织
4459,充
4460,者
4461,提
4462,动
4463,技
4464,者
4465,所
4466,士
4467,的
4468,以
4469,联
4470,们
4471,人
4472,为
4473,者
4474,他
4475,好
4476,供
4477,会
4478,科
4479,议
4480,开
4481,系
4482,的
4483,认
4484,会
4485,的
4486,研
4487,的
4488,域
4489,满
4490,技
4491,满
4492,们
4493,技
4494,技
4495,好
4496,活
4497,有
4498,者
4499,科
4500,的
4501,节
4502,佳
4503,者
4504,提
4505,及
4506,所
4507,佳
4508,充
4509,域
4510,团
4511,被
4512,技
4513,开
4514,节
4515,被
4516,技
4517,议
4518,术
4519,开
4520,系
4521,供
4522,者
4523,以
4524,歌
4525,织
4526,满
4527,有
4528,年
4529,绝
4530,是
4531,以
4532,好
4533,术
4534,歌
4535,以
4536,他
4537,研
4538,会
4539,士
4540,发
4541,在
4542,域
4543,开
4544,术
4545,度
4546,最
4547,及
4548,学
4549,域
4550,发
4551,解
4552,。
4553,有
4554,发
4555,人
4556,和
4557,人
4558,由
4559,动
4560,技
4561,专
4562,动
4563,的
4564,提
4565,专
4566,势
4567,为
4568,会
4569,生
4570,发
4571,开
4572,及
4573,讨
4574,在
4575,议
4576,。
4577,立
4578,为
4579,佳
4580,士
4581,建
4582,是
4583,好
4584,术
4585,织
4586,者
4587,术
4588,动
4589,提
4590,被
4591,的
4592,绝
4593,联
4594,者
4595,为
4596,供
4597,谷
4598,议
4599,由
4600,开
4601,的
4602,者
4603,发
4604,者
4605,充
4606,立
4607,提
4608,动
4609,发
4610,联
4611,年
4612,由
4613,绝
4614,发
4615,谷
4616,供
4617,为
4618,趋
4619,活
4620,为
4621,生
4622,被
4623,会
4624,发
4625,专
4626,发
4627,。
4628,。
4629,最
4630,由
4631,歌
4632,趋
4633,的
4634,织
4635,有
4636,所
4637,技
4638,最
4639,和
4640,发
4641,学
4642,生
4643,认
4644,有
4645,会
4646,。
4647,们
4648,业
4649,技
4650,所
4651,为
4652,对
4653,是
4654,研
4655,在
4656,者
4657,动
4658,歌
4659,研
4660,议
4661,认
4662,的
4663,学
4664,和
4665,者
4666,供
4667,学
4668,节
4669,了
4670,活
4671,者
4672,新
4673,认
4674,爱
4675,有
4676,讨
4677,和
4678,最
4679,旨
4680,的
4681,以
4682,认
4683,度
4684,团
4685,提
4686,发
4687,活
4688,技
4689,技
4690,以
4691,。
4692,新
4693,专
4694,们
4695,技
4696,系
4697,为
4698,他
4699,势
4700,趋
4701,及
4702,者
4703,及
4704,专
4705,谷
4706,者
4707,业
4708,解
4709,势
4710,学
4711,开
4712,动
4713,有
4714,士
4715,系
4716,动
4717,充
4718,与
4719,节
4720,爱
4721,技
4722,者
4723,被
4724,术
4725,谷
4726,热
4727,佳
4728,这
4729,。
4730,生
4731,解
4732,域
4733,们
4734,最
4735,佳
4736,所
4737,年
4738,会
4739,佳
4740,度
4741,人
4742,解
4743,联
4744,术
4745,会
4746,势
4747,是
4748,情
4749,学
4750,的
4751,会
4752,佳
4753,。
4754,爱
4755,势
4756,认
4757,技
4758,术
4759,歌
4760,节
4761,对
4762,歌
4763,了
4764,体
4765,立
4766,和
4767,会
4768,趋
4769,动
4770,技
4771,团
4772,技
4773,为
4774,和
4775,并
4776,充
4777,团
4778,团
4779,域
4780,有
4781,立
4782,人
4783,议
4784,歌
4785,和
4786,会
4787,他
4788,域
4789,讨
4790,节
4791,织
4792,开
4793,议
4794,联
4795,技
4796,们
4797,的
4798,他
4799,开
4800,会
4801,开
4802,供
4803,术
4804,发
4805,活
4806,趋
4807,技
4808,体
4809,解
4810,会
4811,业
4812,供
4813,被
4814,新
4815,会
4816,议
4817,联
4818,所
4819,是
4820,认
4821,者
4822,建
4823,团
4824,年
4825,技
4826,技
4827,会
4828,佳
4829,绝
4830,者
4831,联
4832,系
4833,最
4834,由
4835,发
4836,这
4837,和
4838,并
4839,开
4840,者
4841,绝
4842,开
4843,立
4844,认
4845,会
4846,团
4847,发
4848,人
4849,专
4850,团
4851,专
4852,发
4853,了
4854,发
4855,机
4856,开
4857,发
4858,。
4859,会
4860,专
4861,和
4862,热
4863,。
4864,联
4865,最
4866,开
4867,势
4868,有
4869,。
4870,者
4871,会
4872,趋
4873,活
4874,了
4875,有
4876,业
4877,并
4878,度
4879,术
4880,被
4881,所
4882,是
4883,在
4884,与
4885,佳
4886,趋
4887,者
4888,新
4889,是
4890,在
4891,开
4892,旨
4893,联
4894,开
4895,会
4896,者
4897,。
4898,领
4899,专
4900,机
4901,与
4902,团
4903,开
4904,。
4905,和
4906,与
4907,生
4908,发
4909,的
4910,发
4911,佳
4912,为
4913,是
4914,讨
4915,所
4916,人
4917,有
4918,是
4919,术
4920,者
4921,以
4922,歌
4923,充
4924,讨
4925,人
4926,的
4927,他
4928,谷
4929,这
4930,系
4931,生
4932,是
4933,发
4934,歌
4935,了
4936,有
4937,机
4938,度
4939,建
4940,认
4941,机
4942,为
4943,团
4944,发
4945,最
4946,术
4947,歌
4948,他
4949,满
4950,开
4951,歌
4952,势
4953,技
4954,织
4955,业
4956,织
4957,。
4958,这
4959,爱
4960,士
4961,解
4962,满
4963,节
4964,们
4965,研
4966,团
4967,们
4968,术
4969,爱
4970,谷
4971,者
4972,及
4973,织
4974,热
4975,们
4976,佳
4977,最
4978,年
4979,节
4980,歌
4981,是
4982,他
4983,会
4984,认
4985,联
4986,他
4987,者
4988,建
4989,建
4990,立
4991,士
4992,立
4993,议
4994,术
4995,热
4996,开
4997,会
4998,者
4999,所
5000,织
5001,人
5002,。
5003,联
5004,情
5005,团
5006,以
5007,了
5008,联
5009,年
5010,发
5011,动
5012,满
5013,以
5014,发
5015,研
5016,者
5017,开
5018,开
5019,会
5020,由
5021,是
5022,建
5023,发
5024,。
5025,好
5026,这
5027,了
5028,他
5029,他
5030,动
5031,专
5032,立
5033,议
5034,联
5035,人
5036,机
5037,联
5038,旨
5039,。
5040,好
5041,并
5042,立
5043,系
5044,。
5045,解
5046,织
5047,旨
5048,人
5049,术
5050,热
5051,提
5052,是
5053,的
5054,在
5055,新
5056,。
5057,度
5058,提
5059,业
5060,团
5061,情
5062,认
5063,者
5064,的
5065,士
5066,节
5067,是
5068,科
5069,者
5070,人
5071,技
5072,与
5073,。
5074,佳
5075,年
5076,业
5077,。
5078,与
5079,充
5080,他
5081,他
5082,及
5083,系
5084,好
5085,并
5086,被
5087,。
5088,认
5089,的
5090,佳
5091,绝
5092,这
5093,的
5094,组
5095,者
5096,好
5097,节
5098,佳
5099,的
5100,趋
5101,生
5102,这
5103,年
5104,开
5105,新
5106,机
5107,提
5108,研
5109,了
5110,年
5111,发
5112,热
5113,新
5114,联
5115,了
5116,新
5117,。
5118,业
5119,势
5120,士
5121,会
5122,技
5123,立
5124,的
5125,域
5126,织
5127,。
5128,为
5129,了
5130,发
5131,与
5132,佳
5133,者
5134,科
5135,被
5136,生
5137,满
5138,供
5139,新
5140,这
5141,组
5142,会
5143,他
5144,们
5145,发
5146,领
5147,为
5148,势
5149,。
5150,开
5151,联
5152,热
5153,们
5154,者
5155,解
5156,热
5157,最
5158,。
5159,织
5160,立
5161,充
5162,体
5163,为
5164,并
5165,立
5166,的
5167,业
5168,学
5169,他
5170,是
5171,技
5172,者
5173,年
5174,的
5175,解
5176,在
5177,的
5178,联
5179,对
5180,。
5181,人
5182,机
5183,佳
5184,是
5185,者
5186,。
5187,生
5188,术
5189,年
5190,势
5191,为
5192,人
5193,趋
5194,趋
5195,织
5196,开
5197,及
5198,是
5199,术
5200,度
5201,学
5202,提
5203,人
5204,并
5205,会
5206,技
5207,领
5208,发
5209,开
5210,所
5211,充
5212,为
5213,了
5214,最
5215,年
5216,开
5217,的
5218,机
5219,发
5220,学
5221,会
5222,建
5223,最
5224,联
5225,发
5226,谷
5227,会
5228,讨
5229,者
5230,为
5231,发
5232,是
5233,人
5234,发
5235,技
5236,机
5237,。
5238,爱
5239,动
5240,由
5241,谷
5242,士
5243,。
5244,解
5245,立
5246,与
5247,新
5248,供
5249,。
5250,会
5251,谷
5252,由
5253,在
5254,解
5255,以
5256,所
5257,。
5258,提
5259,。
5260,者
5261,及
5262,为
5263,讨
5264,开
5265,发
5266,提
5267,在
5268,织
5269,旨
5270,佳
5271,。
5272,者
5273,技
5274,。
5275,好
5276,讨
5277,他
5278,者
5279,。
5280,会
5281,联
5282,人
5283,织
5284,体
5285,提
5286,业
5287,是
5288,学
5289,爱
5290,专
5291,动
5292,热
5293,了
5294,势
5295,谷
5296,会
5297,的
5298,趋
5299,充
5300,他
5301,技
5302,团
5303,议
5304,开
5305,者
5306,为
5307,爱
5308,专
5309,生
5310,对
5311,热
5312,们
5313,发
5314,被
5315,研
5316,最
5317,在
5318,立
5319,者
5320,士
5321,被
5322,发
5323,议
5324,歌
5325,情
5326,者
5327,有
5328,者
5329,是
5330,人
5331,以
5332,爱
5333,建
5334,者
5335,领
5336,域
5337,发
5338,最
5339,和
5340,机
5341,。
5342,为
5343,立
5344,在
5345,会
5346,系
5347,会
5348,系
5349,了
5350,所
5351,人
5352,谷
5353,由
5354,被
5355,开
5356,满
5357,供
5358,领
5359,为
5360,议
5361,机
5362,会
5363,和
5364,这
5365,系
5366,这
5367,发
5368,者
5369,开
5370,领
5371,爱
5372,新
5373,动
5374,者
5375,者
5376,动
5377,爱
5378,人
5379,术
5380,及
5381,开
5382,新
5383,开
5384,新
5385,人
5386,会
5387,域
5388,者
5389,势
5390,发
5391,趋
5392,了
5393,者
5394,专
5395,充
5396,发
5397,者
5398,和
5399,系
5400,建
5401,术
5402,开
5403,者
5404,解
5405,歌
5406,系
5407,绝
5408,发
5409,认
5410,建
5411,者
5412,。
5413,并
5414,联
5415,满
5416,及
5417,绝
5418,解
5419,人
5420,由
5421,对
5422,建
5423,议
5424,充
5425,满
5426,团
5427,新
5428,。
5429,爱
5430,开
5431,及
5432,的
5433,所
5434,新
5435,人
5436,发
5437,度
5438,者
5439,讨
5440,爱
5441,开
5442,最
5443,者
5444,被
5445,是
5446,学
5447,者
5448,组
5449,活
5450,在
5451,人
5452,体
5453,生
5454,节
5455,。
5456,开
5457,域
5458,绝
5459,度
5460,被
5461,开
5462,开
5463,所
5464,学
5465,议
5466,这
5467,团
5468,技
5469,及
5470,活
5471,系
5472,人
5473,人
5474,动
5475,对
5476,谷
5477,。
5478,者
5479,技
5480,者
5481,以
5482,供
5483,活
5484,被
5485,生
5486,在
5487,士
5488,生
5489,。
5490,的
5491,动
5492,术
5493,所
5494,会
5495,士
5496,士
5497,在
5498,技
5499,所
5500,动
5501,者
5502,对
5503,机
5504,歌
5505,并
5506,新
5507,活
5508,技
5509,的
5510,由
5511,充
5512,学
5513,对
5514,学
5515,了
5516,在
5517,对
5518,活
5519,旨
5520,为
5521,发
5522,讨
5523,立
5524,提
5525,。
5526,技
5527,最
5528,爱
5529,者
5530,技
5531,的
5532,情
5533,节
5534,领
5535,这
5536,提
5537,会
5538,动
5539,联
5540,好
5541,发
5542,会
5543,满
5544,旨
5545,联
5546,织
5547,对
5548,织
5549,满
5550,所
5551,。
5552,议
5553,领
5554,谷
5555,会
5556,讨
5557,佳
5558,会
5559,会
5560,。
5561,趋
5562,。
5563,热
5564,人
5565,织
5566,势
5567,议
5568,并
5569,的
5570,团
5571,及
5572,为
5573,领
5574,新
5575,热
5576,者
5577,技
5578,业
5579,学
5580,者
5581,议
5582,绝
5583,领
5584,织
5585,的
5586,被
5587,新
5588,联
5589,好
5590,解
5591,提
5592,域
5593,团
5594,者
5595,会
5596,的
5597,谷
5598,发
5599,以
5600,者
5601,域
5602,的
5603,的
5604,为
5605,谷
5606,情
5607,和
5608,有
5609,发
5610,开
5611,开
5612,和
5613,谷
5614,建
5615,生
5616,他
5617,并
5618,绝
5619,发
5620,并
5621,机
5622,。
5623,团
5624,歌
5625,的
5626,会
5627,者
5628,讨
5629,由
5630,他
5631,趋
5632,者
5633,术
5634,年
5635,有
5636,歌
5637,人
5638,术
5639,满
5640,生
5641,佳
5642,为
5643,和
5644,佳
5645,他
5646,技
5647,。
5648,领
5649,歌
5650,。
5651,发
5652,科
5653,科
5654,好
5655,解
5656,。
5657,的
5658,解
5659,术
5660,域
5661,术
5662,者
5663,发
5664,所
5665,者
5666,学
5667,旨
5668,是
5669,的
5670,。
5671,的
5672,新
5673,研
5674,动
5675,绝
5676,技
5677,科
5678,者
5679,绝
5680,动
5681,发
5682,会
5683,。
5684,在
5685,佳
5686,他
5687,好
5688,是
5689,域
5690,为
5691,开
5692,势
5693,讨
5694,年
5695,以
5696,提
5697,了
5698,技
5699,及
5700,讨
5701,者
5702,学
5703,以
5704,发
5705,是
5706,者
5707,织
5708,生
5709,专
5710,新
5711,供
5712,开
5713,会
5714,人
5715,会
5716,由
5717,绝
5718,爱
5719,的
5720,发
5721,术
5722,绝
5723,情
5724,者
5725,有
5726,情
5727,者
5728,技
5729,新
5730,科
5731,被
5732,者
5733,会
5734,度
5735,人
5736,会
5737,了
5738,会
5739,为
5740,活
5741,发
5742,是
5743,。
5744,满
5745,开
5746,了
5747,联
5748,对
5749,组
5750,的
5751,发
5752,势
5753,的
5754,业
5755,们
5756,势
5757,人
5758,是
5759,术
5760,机
5761,的
5762,活
5763,和
5764,及
5765,领
5766,并
5767,的
5768,。
5769,谷
5770,为
5771,机
5772,体
5773,。
5774,技
5775,者
5776,立
5777,组
5778,和
5779,佳
5780,科
5781,有
5782,术
5783,活
5784,业
5785,科
5786,是
5787,者
5788,认
5789,旨
5790,发
5791,供
5792,有
5793,联
5794,好
5795,的
5796,他
5797,们
5798,发
5799,发
5800,并
5801,佳
5802,者
5803,是
5804,的
5805,会
5806,发
5807,者
5808,。
5809,谷
5810,团
5811,在
5812,情
5813,会
5814,们
5815,学
5816,供
5817,会
5818,势
5819,开
5820,在
5821,议
5822,势
5823,势
5824,解
5825,。
5826,机
5827,解
5828,活
5829,织
5830,和
5831,系
5832,歌
5833,者
5834,动
5835,这
5836,织
5837,新
5838,与
5839,的
5840,新
5841,了
5842,热
5843,立
5844,们
5845,趋
5846,所
5847,和
5848,绝
5849,开
5850,科
5851,满
5852,立
5853,建
5854,技
5855,情
5856,会
5857,联
5858,最
5859,被
5860,会
5861,。
5862,会
5863,。
5864,发
5865,是
5866,的
5867,趋
5868,技
5869,会
5870,体
5871,动
5872,者
5873,有
5874,爱
5875,发
5876,联
5877,开
5878,歌
5879,并
5880,机
5881,机
5882,并
5883,者
5884,生
5885,议
5886,情
5887,发
5888,为
5889,业
5890,领
5891,对
5892,域
5893,热
5894,认
5895,人
5896,术
5897,供
5898,的
5899,动
5900,会
5901,士
5902,织
5903,发
5904,认
5905,建
5906,们
5907,所
5908,这
5909,。
5910,领
5911,在
5912,研
5913,建
5914,人
5915,技
5916,体
5917,与
5918,。
5919,生
5920,解
5921,联
5922,对
5923,供
5924,团
5925,的
5926,情
5927,趋
5928,与
5929,有
5930,织
5931,专
5932,生
5933,动
5934,绝
5935,度
5936,域
5937,发
5938,他
5939,由
5940,组
5941,技
5942,人
5943,动
5944,技
5945,系
5946,研
5947,组
5948,发
5949,人
5950,科
5951,生
5952,歌
5953,热
5954,节
5955,满
5956,。
5957,团
5958,的
5959,他
5960,趋
5961,的
5962,士
5963,这
5964,势
5965,开
5966,组
5967,者
5968,技
5969,发
5970,与
5971,系
5972,提
5973,机
5974,研
5975,供
5976,的
5977,并
5978,人
5979,解
5980,人
5981,组
5982,生
5983,开
5984,生
5985,的
5986,动
5987,度
5988,年
5989,专
5990,人
5991,开
5992,机
5993,这
5994,会
5995,会
5996,人
5997,联
5998,为
5999,织
6000,开
6001,学
6002,议
6003,业
6004,势
6005,技
6006,度
6007,生
6008,及
6009,士
6010,领
6011,。
6012,技
6013,专
6014,新
6015,度
6016,这
6017,的
6018,势
6019,系
6020,新
6021,了
6022,人
6023,者
6024,动
6025,技
6026,以
6027,节
6028,术
6029,领
6030,活
6031,生
6032,业
6033,讨
6034,发
6035,为
6036,域
6037,团
6038,趋
6039,。
6040,。
6041,会
6042,议
6043,发
6044,节
6045,供
6046,歌
6047,者
6048,科
6049,有
6050,年
6051,技
6052,年
6053,专
6054,发
6055,提
6056,以
6057,发
6058,联
6059,活
6060,最
6061,趋
6062,开
6063,的
6064,提
6065,绝
6066,组
6067,在
6068,技
6069,歌
6070,满
6071,歌
6072,专
6073,系
6074,以
6075,会
6076,业
6077,术
6078,开
6079,组
6080,士
6081,和
6082,者
6083,好
6084,专
6085,为
6086,新
6087,和
6088,认
6089,与
6090,度
6091,者
6092,歌
6093,们
6094,会
6095,学
6096,提
6097,人
6098,的
6099,开
6100,满
6101,及
6102,充
6103,研
6104,机
6105,会
6106,技
6107,节
6108,开
6109,人
6110,者
6111,好
6112,建
6113,术
6114,组
6115,。
6116,们
6117,情
6118,建
6119,谷
6120,被
6121,新
6122,在
6123,年
6124,们
6125,专
6126,织
6127,对
6128,系
6129,议
6130,发
6131,被
6132,被
6133,科
6134,最
6135,为
6136,的
6137,旨
6138,会
6139,是
6140,势
6141,热
6142,发
6143,势
6144,以
6145,人
6146,好
6147,开
6148,人
6149,立
6150,开
6151,为
6152,爱
6153,节
6154,的
6155,议
6156,的
6157,由
6158,解
6159,的
6160,者
6161,与
6162,趋
6163,人
6164,议
6165,系
6166,技
6167,发
6168,联
6169,以
6170,好
6171,会
6172,。
6173,业
6174,是
6175,为
6176,团
6177,最
6178,议
6179,与
6180,者
6181,人
6182,情
6183,域
6184,体
6185,年
6186,立
6187,。
6188,研
6189,活
6190,议
6191,度
6192,动
6193,术
6194,发
6195,绝
6196,节
6197,年
6198,。
6199,年
6200,开
6201,最
6202,这
6203,在
6204,度
6205,域
6206,。
6207,技
6208,讨
6209,绝
6210,由
6211,所
6212,好
6213,系
6214,在
6215,技
6216,开
6217,发
6218,与
6219,佳
6220,体
6221,。
6222,绝
6223,认
6224,解
6225,所
6226,和
6227,歌
6228,好
6229,旨
6230,发
6231,生
6232,及
6233,者
6234,们
6235,联
6236,趋
6237,及
6238,为
6239,专
6240,他
6241,活
6242,开
6243,热
6244,学
6245,术
6246,及
6247,趋
6248,者
6249,充
6250,对
6251,充
6252,域
6253,域
6254,好
6255,开
6256,会
6257,发
6258,为
6259,学
6260,体
6261,了
6262,人
6263,学
6264,动
6265,士
6266,为
6267,开
6268,佳
6269,生
6270,发
6271,谷
6272,技
6273,动
6274,生
6275,联
6276,领
6277,。
6278,认
6279,发
6280,好
6281,热
6282,旨
6283,是
6284,开
6285,的
6286,歌
6287,技
6288,技
6289,势
6290,人
6291,议
6292,为
6293,供
6294,势
6295,趋
6296,他
6297,热
6298,。
6299,发
6300,年
6301,团
6302,爱
6303,学
6304,由
6305,议
6306,歌
6307,技
6308,以
6309,者
6310,被
6311,这
6312,为
6313,者
6314,歌
6315,建
6316,者
6317,的
6318,系
6319,系
6320,域
6321,业
6322,并
6323,佳
6324,组
6325,。
6326,在
6327,士
6328,年
6329,学
6330,议
6331,解
6332,与
6333,绝
6334,开
6335,为
6336,爱
6337,为
6338,歌
6339,满
6340,业
6341,技
6342,开
6343,开
6344,体
6345,趋
6346,们
6347,织
6348,议
6349,专
6350,建
6351,歌
6352,人
6353,活
6354,人
6355,的
6356,会
6357,势
6358,最
6359,开
6360,的
6361,是
6362,开
6363,爱
6364,新
6365,建
6366,由
6367,科
6368,发
6369,开
6370,领
6371,发
6372,学
6373,爱
6374,在
6375,解
6376,技
6377,为
6378,爱
6379,为
6380,及
6381,生
6382,充
6383,会
6384,他
6385,了
6386,。
6387,为
6388,建
6389,以
6390,绝
6391,是
6392,绝
6393,谷
6394,会
6395,会
6396,活
6397,供
6398,所
6399,满
6400,体
6401,谷
6402,节
6403,术
6404,以
6405,的
6406,发
6407,新
6408,团
6409,在
6410,提
6411,者
6412,好
6413,旨
6414,情
6415,发
6416,由
6417,最
6418,术
6419,旨
6420,以
6421,技
6422,的
6423,旨
6424,年
6425,旨
6426,者
6427,热
6428,议
6429,开
6430,最
6431,者
6432,们
6433,讨
6434,者
6435,热
6436,爱
6437,系
6438,了
6439,技
6440,充
6441,充
6442,。
6443,发
6444,所
6445,由
6446,有
6447,联
6448,系
6449,开
6450,建
6451,士
6452,者
6453,的
6454,热
6455,年
6456,系
6457,为
6458,者
6459,为
6460,是
6461,好
6462,立
6463,发
6464,趋
6465,是
6466,好
6467,与
6468,歌
6469,人
6470,建
6471,团
6472,者
6473,对
6474,的
6475,是
6476,年
6477,和
6478,生
6479,由
6480,情
6481,为
6482,术
6483,有
6484,技
6485,讨
6486,开
6487,以
6488,。
6489,供
6490,建
6491,人
6492,者
6493,对
6494,动
6495,研
6496,生
6497,系
6498,联
6499,组
6500,术
6501,新
6502,织
6503,及
6504,他
6505,趋
6506,。
6507,是
6508,与
6509,趋
6510,机
6511,学
6512,联
6513,机
6514,。
6515,者
6516,发
6517,歌
6518,的
6519,与
6520,立
6521,佳
6522,们
6523,情
6524,动
6525,的
6526,年
6527,所
6528,了
6529,术
6530,提
6531,联
6532,生
6533,立
6534,立
6535,认
6536,被
6537,。
6538,爱
6539,科
6540,织
6541,立
6542,士
6543,佳
6544,开
6545,满
6546,供
6547,认
6548,会
6549,满
6550,科
6551,与
6552,域
6553,热
6554,并
6555,歌
6556,术
6557,建
6558,学
6559,专
6560,的
6561,被
6562,域
6563,人
6564,者
6565,的
6566,发
6567,讨
6568,议
6569,绝
6570,有
6571,解
6572,绝
6573,者
6574,域
6575,是
6576,建
6577,是
6578,绝
6579,了
6580,开
6581,开
6582,系
6583,这
6584,会
6585,发
6586,人
6587,对
6588,提
6589,以
6590,度
6591,势
6592,人
6593,体
6594,立
6595,这
6596,歌
6597,组
6598,年
6599,者
6600,年
6601,为
6602,旨
6603,会
6604,与
6605,与
6606,趋
6607,人
6608,度
6609,好
6610,生
6611,业
6612,人
6613,会
6614,研
6615,是
6616,是
6617,度
6618,有
6619,者
6620,。
6621,开
6622,歌
6623,者
6624,技
6625,领
6626,发
6627,者
6628,节
6629,组
6630,。
6631,机
6632,业
6633,技
6634,开
6635,了
6636,和
6637,谷
6638,的
6639,们
6640,发
6641,佳
6642,满
6643,节
6644,是
6645,满
6646,供
6647,的
6648,立
6649,领
6650,专
6651,最
6652,学
6653,立
6654,绝
6655,动
6656,被
6657,是
6658,是
6659,研
6660,生
6661,会
6662,动
6663,歌
6664,解
6665,发
6666,满
6667,体
6668,者
6669,业
6670,。
6671,立
6672,对
6673,节
6674,最
6675,。
6676,好
6677,开
6678,解
6679,发
6680,新
6681,佳
6682,发
6683,绝
6684,以
6685,节
6686,联
6687,联
6688,。
6689,爱
6690,机
6691,最
6692,热
6693,是
6694,组
6695,开
6696,的
6697,域
6698,趋
6699,织
6700,以
6701,为
6702,专
6703,研
6704,热
6705,会
6706,讨
6707,建
6708,。
6709,专
6710,者
6711,机
6712,所
6713,的
6714,热
6715,情
6716,的
6717,及
6718,组
6719,与
6720,动
6721,科
6722,佳
6723,并
6724,学
6725,技
6726,是
6727,对
6728,提
6729,与
6730,他
6731,发
6732,联
6733,专
6734,最
6735,立
6736,歌
6737,研
6738,发
6739,士
6740,所
6741,技
6742,满
6743,建
6744,提
6745,体
6746,开
6747,系
6748,者
6749,的
6750,立
6751,会
6752,人
6753,歌
6754,绝
6755,生
6756,满
6757,人
6758,域
6759,学
6760,业
6761,生
6762,建
6763,者
6764,人
6765,人
6766,爱
6767,术
6768,歌
6769,研
6770,所
6771,技
6772,解
6773,并
6774,团
6775,团
6776,发
6777,。
6778,开
6779,业
6780,会
6781,及
6782,了
6783,活
6784,歌
6785,与
6786,和
6787,业
6788,并
6789,和
6790,爱
6791,者
6792,会
6793,开
6794,的
6795,会
6796,体
6797,这
6798,是
6799,开
6800,趋
6801,新
6802,联
6803,开
6804,术
6805,在
6806,机
6807,机
6808,术
6809,绝
6810,是
6811,与
6812,技
6813,立
6814,者
6815,年
6816,新
6817,所
6818,人
6819,会
6820,供
6821,在
6822,为
6823,技
6824,会
6825,专
6826,年
6827,趋
6828,。
6829,供
6830,动
6831,生
6832,动
6833,在
6834,为
6835,被
6836,术
6837,为
6838,旨
6839,们
6840,技
6841,立
6842,他
6843,供
6844,。
6845,者
6846,供
6847,节
6848,在
6849,被
6850,科
6851,开
6852,解
6853,建
6854,。
6855,是
6856,并
6857,研
6858,由
6859,会
6860,活
6861,议
6862,领
6863,技
6864,们
6865,术
6866,谷
6867,体
6868,发
6869,讨
6870,认
6871,领
6872,他
6873,人
6874,热
6875,有
6876,者
6877,生
6878,的
6879,开
6880,了
6881,解
6882,他
6883,系
6884,歌
6885,建
6886,所
6887,。
6888,节
6889,并
6890,织
6891,组
6892,并
6893,的
6894,联
6895,节
6896,域
6897,他
6898,域
6899,了
6900,体
6901,由
6902,机
6903,了
6904,发
6905,好
6906,度
6907,术
6908,提
6909,及
6910,。
6911,为
6912,组
6913,在
6914,及
6915,的
6916,人
6917,团
6918,机
6919,士
6920,绝
6921,术
6922,年
6923,。
6924,发
6925,建
6926,与
6927,并
6928,势
6929,体
6930,与
6931,被
6932,和
6933,者
6934,生
6935,被
6936,体
6937,域
6938,的
6939,人
6940,讨
6941,技
6942,对
6943,被
6944,新
6945,会
6946,了
6947,研
6948,旨
6949,是
6950,。
6951,活
6952,。
6953,是
6954,是
6955,好
6956,术
6957,。
6958,专
6959,团
6960,为
6961,情
6962,发
6963,这
6964,为
6965,术
6966,人
6967,开
6968,是
6969,人
6970,术
6971,科
6972,讨
6973,旨
6974,活
6975,们
6976,组
6977,绝
6978,。
6979,在
6980,者
6981,发
6982,议
6983,学
6984,。
6985,技
6986,开
6987,好
6988,是
6989,解
6990,者
6991,被
6992,生
6993,旨
6994,研
6995,者
6996,立
6997,趋
6998,是
6999,新
7000,业
7001,团
7002,对
7003,。
7004,在
7005,者
7006,所
7007,技
7008,歌
7009,动
7010,组
7011,情
7012,并
7013,发
7014,人
7015,爱
7016,满
7017,人
7018,歌
7019,联
7020,发
7021,为
7022,由
7023,动
7024,开
7025,的
7026,术
7027,及
7028,组
7029,士
7030,研
7031,他
7032,建
7033,发
7034,这
7035,为
7036,活
7037,与
7038,技
7039,学
7040,动
7041,术
7042,节
7043,歌
7044,动
7045,是
7046,组
7047,最
7048,。
7049,们
7050,及
7051,组
7052,解
7053,的
7054,学
7055,士
7056,所
7057,者
7058,会
7059,旨
7060,术
7061,议
7062,术
7063,发
7064,学
7065,解
7066,者
7067,。
7068,好
7069,立
7070,爱
7071,者
7072,科
7073,术
7074,织
7075,认
7076,充
7077,在
7078,技
7079,度
7080,术
7081,术
7082,热
7083,技
7084,佳
7085,会
7086,提
7087,绝
7088,满
7089,新
7090,新
7091,节
7092,了
7093,织
7094,士
7095,在
7096,和
7097,开
7098,是
7099,学
7100,趋
7101,发
7102,热
7103,们
7104,人
7105,体
7106,与
7107,并
7108,节
7109,及
7110,技
7111,发
7112,发
7113,。
7114,他
7115,科
7116,科
7117,势
7118,歌
7119,议
7120,趋
7121,系
7122,了
7123,的
7124,好
7125,们
7126,。
7127,。
7128,生
7129,术
7130,们
7131,佳
7132,与
7133,认
7134,趋
7135,与
7136,的
7137,歌
7138,被
7139,发
7140,提
7141,是
7142,立
7143,团
7144,供
7145,组
7146,有
7147,佳
7148,节
7149,者
7150,爱
7151,术
7152,的
7153,是
7154,好
7155,发
7156,。
7157,最
7158,业
7159,为
7160,由
7161,学
7162,新
7163,了
7164,年
7165,在
7166,热
7167,由
7168,情
7169,以
7170,者
7171,是
7172,年
7173,者
7174,系
7175,们
7176,旨
7177,系
7178,供
7179,者
7180,了
7181,技
7182,发
7183,动
7184,充
7185,为
7186,供
7187,的
7188,讨
7189,充
7190,是
7191,好
7192,发
7193,开
7194,以
7195,组
7196,者
7197,织
7198,团
7199,是
7200,好
7201,满
7202,技
7203,由
7204,趋
7205,最
7206,的
7207,由
7208,术
7209,情
7210,为
7211,业
7212,生
7213,立
7214,认
7215,者
7216,是
7217,并
7218,领
7219,势
7220,绝
7221,被
7222,开
7223,最
7224,技
7225,的
7226,者
7227,生
7228,技
7229,科
7230,术
7231,的
7232,满
7233,这
7234,充
7235,了
7236,系
7237,充
7238,专
7239,认
7240,体
7241,科
7242,年
7243,发
7244,满
7245,技
7246,情
7247,学
7248,有
7249,技
7250,。
7251,节
7252,这
7253,趋
7254,组
7255,们
7256,供
7257,及
7258,与
7259,。
7260,解
7261,旨
7262,技
7263,发
7264,科
7265,讨
7266,并
7267,会
7268,活
7269,的
7270,了
7271,发
7272,度
7273,提
7274,发
7275,为
7276,的
7277,旨
7278,为
7279,新
7280,提
7281,动
7282,满
7283,者
7284,活
7285,提
7286,会
7287,被
7288,年
7289,爱
7290,开
7291,最
7292,们
7293,开
7294,会
7295,机
7296,节
7297,们
7298,提
7299,研
7300,了
7301,情
7302,研
7303,度
7304,这
7305,发
7306,发
7307,旨
7308,讨
7309,发
7310,体
7311,好
7312,有
7313,充
7314,联
7315,团
7316,热
7317,及
7318,绝
7319,年
7320,了
7321,势
7322,。
7323,充
7324,绝
7325,联
7326,。
7327,开
7328,这
7329,谷
7330,供
7331,发
7332,者
7333,组
7334,体
7335,学
7336,度
7337,立
7338,谷
7339,满
7340,的
7341,歌
7342,专
7343,佳
7344,节
7345,科
7346,。
7347,组
7348,势
7349,术
7350,的
7351,与
7352,被
7353,。
7354,织
7355,绝
7356,。
7357,术
7358,立
7359,节
7360,由
7361,。
7362,人
7363,谷
7364,学
7365,及
7366,势
7367,在
7368,联
7369,提
7370,者
7371,是
7372,动
7373,绝
7374,了
7375,会
7376,会
7377,爱
7378,由
7379,发
7380,科
7381,者
7382,节
7383,建
7384,立
7385,和
7386,业
7387,开
7388,技
7389,科
7390,技
7391,充
7392,的
7393,充
7394,。
7395,并
7396,对
7397,为
7398,活
7399,专
7400,他
7401,讨
7402,供
7403,供
7404,技
7405,了
7406,科
7407,发
7408,技
7409,这
7410,发
7411,议
7412,们
7413,科
7414,。
7415,科
7416,者
7417,人
7418,认
7419,者
7420,士
7421,热
7422,与
7423,所
7424,充
7425,们
7426,热
7427,人
7428,的
7429,学
7430,研
7431,活
7432,他
7433,活
7434,充
7435,他
7436,动
7437,充
7438,绝
7439,者
7440,人
7441,们
7442,这
7443,发
7444,以
7445,歌
7446,爱
7447,学
7448,的
7449,了
7450,。
7451,者
7452,对
7453,年
7454,体
7455,组
7456,和
7457,与
7458,系
7459,势
7460,的
7461,术
7462,者
7463,技
7464,的
7465,度
7466,学
7467,热
7468,是
7469,技
7470,充
7471,开
7472,生
7473,是
7474,绝
7475,学
7476,为
7477,议
7478,域
7479,建
7480,组
7481,绝
7482,开
7483,者
7484,是
7485,议
7486,好
7487,与
7488,研
7489,会
7490,议
7491,领
7492,讨
7493,为
7494,与
7495,与
7496,谷
7497,被
7498,旨
7499,认
7500,们
7501,好
7502,爱
7503,业
7504,团
7505,技
7506,为
7507,旨
7508,。
7509,爱
7510,学
7511,织
7512,有
7513,在
7514,技
7515,研
7516,是
7517,科
7518,技
7519,趋
7520,有
7521,业
7522,与
7523,科
7524,认
7525,供
7526,会
7527,了
7528,发
7529,有
7530,。
7531,开
7532,供
7533,节
7534,以
7535,会
7536,。
7537,系
7538,爱
7539,术
7540,术
7541,是
7542,。
7543,好
7544,团
7545,动
7546,是
7547,的
7548,术
7549,系
7550,是
7551,者
7552,发
7553,。
7554,并
7555,绝
7556,趋
7557,。
7558,研
7559,为
7560,科
7561,在
7562,会
7563,提
7564,织
7565,认
7566,有
7567,技
7568,解
7569,热
7570,节
7571,度
7572,科
7573,。
7574,。
7575,技
7576,人
7577,与
7578,系
7579,者
7580,情
7581,佳
7582,人
7583,立
7584,及
7585,和
7586,域
7587,最
7588,好
7589,系
7590,充
7591,为
7592,者
7593,建
7594,科
7595,们
7596,由
7597,们
7598,人
7599,供
7600,立
7601,系
7602,会
7603,开
7604,织
7605,活
7606,趋
7607,们
7608,系
7609,学
7610,开
7611,热
7612,年
7613,绝
7614,这
7615,了
7616,者
7617,开
7618,新
7619,织
7620,对
7621,者
7622,好
7623,认
7624,们
7625,度
7626,歌
7627,。
7628,开
7629,是
7630,节
7631,会
7632,为
7633,建
7634,专
7635,。
7636,人
7637,生
7638,。
7639,发
7640,会
7641,被
7642,被
7643,所
7644,活
7645,人
7646,这
7647,充
7648,有
7649,提
7650,对
7651,有
7652,了
7653,好
7654,技
7655,开
7656,的
7657,者
7658,佳
7659,开
7660,的
7661,生
7662,域
7663,趋
7664,技
7665,新
7666,开
7667,爱
7668,新
7669,术
7670,对
7671,年
7672,。
7673,人
7674,组
7675,的
7676,及
7677,生
7678,人
7679,有
7680,佳
7681,认
7682,歌
7683,议
7684,开
7685,技
7686,者
7687,术
7688,技
7689,认
7690,者
7691,趋
7692,科
7693,为
7694,技
7695,领
7696,议
7697,会
7698,议
7699,发
7700,佳
7701,组
7702,认
7703,解
7704,开
7705,动
7706,域
7707,情
7708,情
7709,歌
7710,为
7711,在
7712,技
7713,科
7714,供
7715,所
7716,这
7717,旨
7718,节
7719,生
7720,人
7721,域
7722,节
7723,的
7724,议
7725,佳
7726,热
7727,会
7728,他
7729,最
7730,供
7731,满
7732,术
7733,供
7734,充
7735,是
7736,讨
7737,被
7738,。
7739,由
7740,。
7741,发
7742,了
7743,爱
7744,势
7745,为
7746,联
7747,学
7748,与
7749,度
7750,立
7751,供
7752,团
7753,解
7754,发
7755,被
7756,供
7757,度
7758,者
7759,的
7760,开
7761,者
7762,节
7763,系
7764,在
7765,发
7766,为
7767,立
7768,开
7769,与
7770,发
7771,系
7772,和
7773,会
7774,人
7775,了
7776,域
7777,节
7778,并
7779,由
7780,为
7781,者
7782,会
7783,提
7784,会
7785,人
7786,联
7787,的
7788,度
7789,充
7790,势
7791,所
7792,是
7793,所
7794,被
7795,和
7796,是
7797,开
7798,议
7799,。
7800,建
7801,会
7802,者
7803,议
7804,认
7805,建
7806,热
7807,术
7808,供
7809,领
7810,最
7811,为
7812,供
7813,技
7814,技
7815,趋
7816,势
7817,谷
7818,充
7819,建
7820,技
7821,年
7822,们
7823,为
7824,是
7825,了
7826,解
7827,技
7828,度
7829,这
7830,好
7831,所
7832,会
7833,认
7834,为
7835,被
7836,者
7837,了
7838,热
7839,爱
7840,研
7841,的
7842,为
7843,机
7844,由
7845,解
7846,联
7847,绝
7848,对
7849,这
7850,爱
7851,。
7852,会
7853,讨
7854,最
7855,者
7856,者
7857,开
7858,对
7859,生
7860,他
7861,并
7862,发
7863,域
7864,趋
7865,由
7866,供
7867,佳
7868,认
7869,生
7870,者
7871,绝
7872,及
7873,开
7874,。
7875,最
7876,术
7877,团
7878,认
7879,最
7880,在
7881,发
7882,发
7883,技
7884,与
7885,人
7886,是
7887,开
7888,联
7889,与
7890,满
7891,体
7892,解
7893,团
7894,者
7895,议
7896,被
7897,爱
7898,。
7899,生
7900,势
7901,联
7902,者
7903,所
7904,体
7905,他
7906,技
7907,情
7908,域
7909,满
7910,充
7911,的
7912,和
7913,活
7914,及
7915,人
7916,域
7917,和
7918,领
7919,势
7920,趋
7921,技
7922,新
7923,组
7924,的
7925,的
7926,域
7927,者
7928,所
7929,由
7930,者
7931,由
7932,被
7933,者
7934,研
7935,术
7936,为
7937,绝
7938,是
7939,立
7940,体
7941,满
7942,他
7943,讨
7944,爱
7945,组
7946,谷
7947,机
7948,生
7949,及
7950,为
7951,建
7952,爱
7953,。
7954,们
7955,歌
7956,发
7957,趋
7958,度
7959,歌
7960,机
7961,最
7962,域
7963,与
7964,解
7965,满
7966,开
7967,发
7968,领
7969,了
7970,域
7971,技
7972,系
7973,对
7974,是
7975,有
7976,人
7977,被
7978,开
7979,科
7980,生
7981,。
7982,热
7983,及
7984,科
7985,节
7986,是
7987,者
7988,会
7989,发
7990,由
7991,系
7992,士
7993,为
7994,者
7995,。
7996,旨
7997,绝
7998,充
7999,在
8000,节
8001,所
8002,域
8003,们
8004,供
8005,为
8006,有
8007,士
8008,被
8009,者
8010,发
8011,为
8012,者
8013,科
8014,充
8015,开
8016,团
8017,技
8018,议
8019,会
8020,供
8021,对
8022,供
8023,为
8024,发
8025,讨
8026,者
8027,会
8028,系
8029,会
8030,供
8031,技
8032,机
8033,度
8034,领
8035,立
8036,以
8037,及
8038,技
8039,趋
8040,人
8041,业
8042,团
8043,及
8044,谷
8045,。
8046,人
8047,佳
8048,人
8049,势
8050,联
8051,满
8052,人
8053,者
8054,术
8055,被
8056,。
8057,提
8058,年
8059,士
8060,歌
8061,被
8062,学
8063,情
8064,术
8065,所
8066,技
8067,所
8068,这
8069,术
8070,以
8071,组
8072,织
8073,立
8074,与
8075,认
8076,以
8077,认
8078,会
8079,人
8080,满
8081,了
8082,域
8083,技
8084,为
8085,士
8086,联
8087,年
8088,业
8089,者
8090,谷
8091,业
8092,和
8093,活
8094,讨
8095,并
8096,充
8097,。
8098,解
8099,会
8100,机
8101,情
8102,新
8103,组
8104,谷
8105,为
8106,为
8107,提
8108,业
8109,为
8110,术
8111,歌
8112,术
8113,度
8114,供
8115,热
8116,会
8117,们
8118,立
8119,者
8120,认
8121,域
8122,系
8123,绝
8124,术
8125,情
8126,认
8127,们
8128,立
8129,好
8130,士
8131,是
8132,并
8133,发
8134,者
8135,域
8136,开
8137,谷
8138,技
8139,年
8140,研
8141,认
8142,团
8143,联
8144,新
8145,机
8146,为
8147,会
8148,被
8149,专
8150,动
8151,人
8152,立
8153,科
8154,绝
8155,科
8156,和
8157,术
8158,的
8159,发
8160,热
8161,供
8162,由
8163,新
8164,建
8165,为
8166,对
8167,建
8168,者
8169,满
8170,提
8171,联
8172,佳
8173,与
8174,立
8175,并
8176,与
8177,动
8178,爱
8179,联
8180,。
8181,歌
8182,机
8183,绝
8184,体
8185,研
8186,议
8187,人
8188,在
8189,及
8190,绝
8191,开
8192,供
8193,开
8194,所
8195,为
8196,势
8197,组
8198,。
8199,开
8200,领
8201,生
8202,议
8203,的
8204,立
8205,技
8206,体
8207,生
8208,歌
8209,的
8210,团
8211,有
8212,者
8213,最
8214,是
8215,度
8216,开
8217,发
8218,并
8219,域
8220,们
8221,的
8222,新
8223,。
8224,他
8225,的
8226,以
8227,好
8228,术
8229,是
8230,会
8231,这
8232,新
8233,的
8234,体
8235,专
8236,者
8237,者
8238,士
8239,会
8240,是
8241,认
8242,热
8243,技
8244,学
8245,供
8246,开
8247,讨
8248,歌
8249,者
8250,佳
8251,业
8252,供
8253,者
8254,人
8255,势
8256,议
8257,谷
8258,和
8259,域
8260,开
8261,动
8262,团
8263,研
8264,谷
8265,联
8266,好
8267,会
8268,们
8269,这
8270,情
8271,对
8272,是
8273,好
8274,专
8275,士
8276,建
8277,业
8278,了
8279,科
8280,系
8281,及
8282,建
8283,势
8284,业
8285,对
8286,术
8287,。
8288,好
8289,歌
8290,供
8291,最
8292,技
8293,绝
8294,新
8295,讨
8296,充
8297,旨
8298,织
8299,者
8300,佳
8301,学
8302,学
8303,会
8304,系
8305,生
8306,情
8307,士
8308,的
8309,域
8310,供
8311,满
8312,活
8313,由
8314,立
8315,与
8316,议
8317,。
8318,会
8319,提
8320,学
8321,节
8322,会
8323,绝
8324,及
8325,发
8326,爱
8327,领
8328,。
8329,并
8330,开
8331,新
8332,好
8333,佳
8334,发
8335,谷
8336,节
8337,领
8338,者
8339,。
8340,被
8341,业
8342,讨
8343,术
8344,讨
8345,。
8346,这
8347,术
8348,技
8349,者
8350,在
8351,为
8352,发
8353,对
8354,系
8355,的
8356,度
8357,节
8358,域
8359,发
8360,最
8361,他
8362,爱
8363,人
8364,并
8365,系
8366,供
8367,立
8368,织
8369,讨
8370,学
8371,术
8372,年
8373,发
8374,开
8375,与
8376,被
8377,被
8378,生
8379,为
8380,们
8381,技
8382,提
8383,者
8384,业
8385,节
8386,所
8387,者
8388,解
8389,团
8390,发
8391,与
8392,的
8393,者
8394,并
8395,技
8396,歌
8397,领
8398,为
8399,年
8400,和
8401,解
8402,在
8403,由
8404,建
8405,体
8406,对
8407,发
8408,者
8409,开
8410,开
8411,爱
8412,开
8413,织
8414,开
8415,绝
8416,以
8417,新
8418,机
8419,研
8420,领
8421,发
8422,会
8423,生
8424,联
8425,爱
8426,最
8427,所
8428,发
8429,节
8430,士
8431,歌
8432,。
8433,爱
8434,生
8435,热
8436,们
8437,最
8438,活
8439,最
8440,被
8441,的
8442,歌
8443,开
8444,的
8445,专
8446,发
8447,供
8448,认
8449,和
8450,业
8451,度
8452,领
8453,歌
8454,年
8455,织
8456,。
8457,研
8458,动
8459,有
8460,们
8461,者
8462,。
8463,织
8464,建
8465,立
8466,建
8467,有
8468,所
8469,趋
8470,与
8471,度
8472,立
8473,供
8474,团
8475,机
8476,对
8477,新
8478,提
8479,者
8480,是
8481,趋
8482,科
8483,团
8484,者
8485,发
8486,度
8487,爱
8488,满
8489,爱
8490,绝
8491,建
8492,所
8493,认
8494,是
8495,体
8496,者
8497,体
8498,技
8499,人
8500,提
8501,热
8502,专
8503,认
8504,是
8505,系
8506,。
8507,解
8508,以
8509,。
8510,开
8511,活
8512,绝
8513,的
8514,以
8515,者
8516,节
8517,体
8518,节
8519,术
8520,开
8521,开
8522,。
8523,解
8524,讨
8525,域
8526,发
8527,趋
8528,议
8529,团
8530,会
8531,联
8532,了
8533,生
8534,者
8535,由
8536,了
8537,领
8538,是
8539,开
8540,生
8541,士
8542,解
8543,们
8544,爱
8545,歌
8546,他
8547,开
8548,立
8549,组
8550,佳
8551,者
8552,佳
8553,士
8554,谷
8555,开
8556,供
8557,好
8558,佳
8559,织
8560,为
8561,专
8562,由
8563,团
8564,佳
8565,发
8566,爱
8567,动
8568,们
8569,度
8570,人
8571,势
8572,们
8573,。
8574,织
8575,术
8576,热
8577,者
8578,织
8579,并
8580,好
8581,和
8582,为
8583,科
8584,为
8585,动
8586,节
8587,佳
8588,充
8589,旨
8590,解
8591,所
8592,发
8593,体
8594,组
8595,议
8596,发
8597,佳
8598,旨
8599,技
8600,团
8601,开
8602,者
8603,发
8604,充
8605,术
8606,立
8607,情
8608,由
8609,满
8610,学
8611,讨
8612,域
8613,满
8614,与
8615,最
8616,与
8617,被
8618,为
8619,域
8620,技
8621,开
8622,和
8623,者
8624,最
8625,所
8626,们
8627,了
8628,趋
8629,的
8630,技
8631,的
8632,情
8633,最
8634,术
8635,为
8636,者
8637,热
8638,是
8639,立
8640,活
8641,这
8642,术
8643,被
8644,生
8645,士
8646,技
8647,旨
8648,者
8649,人
8650,发
8651,开
8652,。
8653,提
8654,活
8655,了
8656,域
8657,体
8658,团
8659,会
8660,研
8661,新
8662,专
8663,会
8664,新
8665,情
8666,最
8667,解
8668,这
8669,新
8670,对
8671,的
8672,的
8673,在
8674,开
8675,。
8676,议
8677,供
8678,技
8679,提
8680,议
8681,讨
8682,系
8683,爱
8684,所
8685,会
8686,好
8687,他
8688,者
8689,佳
8690,会
8691,人
8692,开
8693,年
8694,爱
8695,技
8696,的
8697,动
8698,域
8699,势
8700,讨
8701,技
8702,提
8703,域
8704,供
8705,旨
8706,人
8707,机
8708,是
8709,认
8710,体
8711,为
8712,人
8713,佳
8714,者
8715,会
8716,了
8717,为
8718,人
8719,研
8720,对
8721,年
8722,开
8723,会
8724,。
8725,认
8726,新
8727,新
8728,者
8729,联
8730,为
8731,的
8732,由
8733,者
8734,和
8735,好
8736,技
8737,域
8738,会
8739,学
8740,以
8741,被
8742,域
8743,是
8744,开
8745,为
8746,情
8747,年
8748,被
8749,他
8750,新
8751,体
8752,专
8753,发
8754,歌
8755,开
8756,业
8757,者
8758,讨
8759,在
8760,开
8761,好
8762,者
8763,和
8764,议
8765,开
8766,议
8767,生
8768,所
8769,佳
8770,技
8771,为
8772,者
8773,充
8774,人
8775,会
8776,生
8777,科
8778,并
8779,开
8780,热
8781,他
8782,机
8783,的
8784,发
8785,及
8786,科
8787,会
8788,活
8789,势
8790,充
8791,在
8792,发
8793,学
8794,们
8795,了
8796,会
8797,技
8798,势
8799,术
8800,专
8801,开
8802,科
8803,为
8804,谷
8805,佳
8806,了
8807,发
8808,体
8809,解
8810,术
8811,。
8812,者
8813,动
8814,领
8815,议
8816,团
8817,技
8818,趋
8819,团
8820,以
8821,与
8822,机
8823,热
8824,团
8825,讨
8826,立
8827,充
8828,度
8829,以
8830,者
8831,这
8832,专
8833,为
8834,为
8835,是
8836,热
8837,为
8838,机
8839,会
8840,并
8841,被
8842,人
8843,业
8844,们
8845,他
8846,技
8847,士
8848,并
8849,讨
8850,提
8851,。
8852,谷
8853,新
8854,了
8855,为
8856,度
8857,这
8858,以
8859,研
8860,热
8861,。
8862,人
8863,建
8864,者
8865,好
8866,立
8867,趋
8868,的
8869,者
8870,佳
8871,立
8872,以
8873,术
8874,团
8875,团
8876,的
8877,为
8878,开
8879,认
8880,人
8881,了
8882,谷
8883,技
8884,术
8885,团
8886,势
8887,立
8888,在
8889,绝
8890,人
8891,机
8892,新
8893,者
8894,趋
8895,及
8896,爱
8897,立
8898,会
8899,满
8900,生
8901,建
8902,满
8903,度
8904,所
8905,最
8906,技
8907,由
8908,领
8909,学
8910,热
8911,情
8912,组
8913,了
8914,情
8915,为
8916,会
8917,所
8918,有
8919,与
8920,供
8921,最
8922,业
8923,的
8924,机
8925,会
8926,会
8927,是
8928,技
8929,动
8930,好
8931,动
8932,开
8933,者
8934,领
8935,业
8936,开
8937,由
8938,联
8939,立
8940,机
8941,者
8942,术
8943,开
8944,讨
8945,生
8946,提
8947,有
8948,发
8949,并
8950,学
8951,业
8952,为
8953,所
8954,好
8955,者
8956,提
8957,人
8958,所
8959,学
8960,会
8961,的
8962,以
8963,解
8964,是
8965,业
8966,。
8967,织
8968,活
8969,及
8970,议
8971,是
8972,发
8973,旨
8974,他
8975,科
8976,热
8977,势
8978,领
8979,供
8980,者
8981,动
8982,建
8983,体
8984,为
8985,歌
8986,会
8987,团
8988,们
8989,的
8990,会
8991,研
8992,是
8993,织
8994,歌
8995,谷
8996,旨
8997,爱
8998,的
8999,年
9000,。
9001,这
9002,者
9003,被
9004,热
9005,者
9006,者
9007,歌
9008,学
9009,业
9010,的
9011,建
9012,立
9013,充
9014,对
9015,开
9016,系
9017,士
9018,专
9019,势
9020,情
9021,建
9022,立
9023,由
9024,与
9025,的
9026,们
9027,会
9028,对
9029,。
9030,机
9031,满
9032,学
9033,歌
9034,者
9035,与
9036,好
9037,并
9038,为
9039,认
9040,为
9041,会
9042,歌
9043,的
9044,者
9045,认
9046,绝
9047,业
9048,是
9049,热
9050,者
9051,者
9052,技
9053,最
9054,谷
9055,势
9056,活
9057,会
9058,开
9059,联
9060,谷
9061,们
9062,势
9063,者
9064,年
9065,趋
9066,士
9067,绝
9068,为
9069,技
9070,领
9071,供
9072,新
9073,的
9074,域
9075,士
9076,领
9077,技
9078,供
9079,年
9080,由
9081,了
9082,及
9083,机
9084,组
9085,佳
9086,。
9087,科
9088,体
9089,开
9090,生
9091,者
9092,发
9093,趋
9094,是
9095,学
9096,专
9097,开
9098,提
9099,度
9100,情
9101,术
9102,爱
9103,。
9104,活
9105,的
9106,会
9107,人
9108,及
9109,者
9110,歌
9111,满
9112,对
9113,发
9114,与
9115,会
9116,讨
9117,在
9118,生
9119,的
9120,人
9121,发
9122,的
9123,开
9124,佳
9125,人
9126,爱
9127,技
9128,技
9129,了
9130,以
9131,技
9132,会
9133,技
9134,者
9135,的
9136,势
9137,发
9138,生
9139,佳
9140,情
9141,趋
9142,动
9143,了
9144,士
9145,科
9146,术
9147,以
9148,热
9149,谷
9150,的
9151,有
9152,活
9153,者
9154,的
9155,技
9156,最
9157,。
9158,佳
9159,生
9160,系
9161,认
9162,情
9163,充
9164,会
9165,人
9166,者
9167,术
9168,的
9169,由
9170,旨
9171,立
9172,是
9173,这
9174,提
9175,开
9176,者
9177,以
9178,开
9179,技
9180,开
9181,学
9182,和
9183,会
9184,旨
9185,技
9186,绝
9187,以
9188,技
9189,技
9190,织
9191,被
9192,生
9193,旨
9194,技
9195,织
9196,开
9197,被
9198,供
9199,充
9200,会
9201,系
9202,开
9203,建
9204,技
9205,组
9206,发
9207,们
9208,热
9209,者
9210,。
9211,绝
9212,认
9213,由
9214,谷
9215,旨
9216,会
9217,者
9218,的
9219,充
9220,势
9221,满
9222,的
9223,研
9224,学
9225,专
9226,为
9227,情
9228,趋
9229,度
9230,趋
9231,织
9232,者
9233,技
9234,研
9235,好
9236,为
9237,是
9238,会
9239,这
9240,学
9241,的
9242,了
9243,在
9244,趋
9245,研
9246,充
9247,的
9248,以
9249,旨
9250,是
9251,讨
9252,被
9253,是
9254,会
9255,提
9256,立
9257,节
9258,及
9259,联
9260,佳
9261,立
9262,对
9263,。
9264,者
9265,开
9266,是
9267,并
9268,发
9269,对
9270,以
9271,者
9272,技
9273,好
9274,认
9275,谷
9276,织
9277,活
9278,这
9279,爱
9280,术
9281,爱
9282,开
9283,度
9284,满
9285,术
9286,发
9287,爱
9288,术
9289,团
9290,新
9291,佳
9292,域
9293,被
9294,业
9295,是
9296,在
9297,年
9298,发
9299,织
9300,好
9301,立
9302,活
9303,为
9304,会
9305,动
9306,这
9307,者
9308,学
9309,节
9310,立
9311,热
9312,被
9313,科
9314,者
9315,好
9316,对
9317,术
9318,会
9319,织
9320,技
9321,术
9322,开
9323,讨
9324,会
9325,的
9326,的
9327,业
9328,专
9329,研
9330,是
9331,开
9332,机
9333,情
9334,士
9335,建
9336,谷
9337,发
9338,了
9339,势
9340,谷
9341,的
9342,了
9343,他
9344,以
9345,体
9346,士
9347,会
9348,解
9349,对
9350,组
9351,势
9352,好
9353,科
9354,热
9355,情
9356,这
9357,了
9358,研
9359,。
9360,开
9361,士
9362,术
9363,建
9364,体
9365,这
9366,年
9367,织
9368,解
9369,为
9370,新
9371,的
9372,节
9373,士
9374,发
9375,会
9376,他
9377,者
9378,开
9379,提
9380,建
9381,。
9382,好
9383,。
9384,由
9385,术
9386,是
9387,以
9388,认
9389,谷
9390,提
9391,发
9392,由
9393,这
9394,节
9395,系
9396,歌
9397,技
9398,术
9399,们
9400,研
9401,会
9402,者
9403,并
9404,机
9405,士
9406,是
9407,是
9408,会
9409,提
9410,技
9411,科
9412,领
9413,并
9414,开
9415,为
9416,领
9417,开
9418,士
9419,由
9420,活
9421,由
9422,新
9423,和
9424,开
9425,节
9426,系
9427,爱
9428,系
9429,的
9430,解
9431,供
9432,这
9433,度
9434,业
9435,提
9436,。
9437,对
9438,者
9439,为
9440,科
9441,充
9442,发
9443,了
9444,旨
9445,好
9446,联
9447,研
9448,者
9449,。
9450,提
9451,为
9452,团
9453,。
9454,有
9455,好
9456,者
9457,开
9458,。
9459,佳
9460,域
9461,由
9462,专
9463,技
9464,者
9465,满
9466,被
9467,所
9468,业
9469,研
9470,科
9471,满
9472,由
9473,技
9474,建
9475,者
9476,体
9477,体
9478,研
9479,在
9480,发
9481,开
9482,有
9483,组
9484,最
9485,及
9486,议
9487,新
9488,者
9489,势
9490,为
9491,爱
9492,技
9493,供
9494,最
9495,议
9496,技
9497,旨
9498,发
9499,供
9500,立
9501,者
9502,爱
9503,满
9504,会
9505,与
9506,发
9507,域
9508,领
9509,者
9510,对
9511,生
9512,专
9513,是
9514,充
9515,生
9516,供
9517,被
9518,充
9519,被
9520,立
9521,业
9522,的
9523,的
9524,及
9525,好
9526,歌
9527,技
9528,团
9529,者
9530,专
9531,团
9532,并
9533,是
9534,建
9535,与
9536,最
9537,爱
9538,及
9539,爱
9540,技
9541,并
9542,者
9543,科
9544,绝
9545,科
9546,会
9547,动
9548,们
9549,联
9550,研
9551,系
9552,会
9553,发
9554,专
9555,士
9556,趋
9557,。
9558,开
9559,好
9560,为
9561,佳
9562,由
9563,发
9564,机
9565,联
9566,开
9567,的
9568,热
9569,以
9570,者
9571,谷
9572,并
9573,这
9574,开
9575,领
9576,会
9577,所
9578,这
9579,发
9580,绝
9581,热
9582,研
9583,对
9584,在
9585,由
9586,度
9587,并
9588,歌
9589,绝
9590,年
9591,系
9592,情
9593,科
9594,解
9595,生
9596,组
9597,建
9598,学
9599,开
9600,活
9601,了
9602,爱
9603,度
9604,们
9605,他
9606,科
9607,满
9608,开
9609,建
9610,专
9611,解
9612,年
9613,发
9614,织
9615,团
9616,有
9617,动
9618,技
9619,他
9620,供
9621,满
9622,由
9623,技
9624,旨
9625,联
9626,开
9627,。
9628,者
9629,术
9630,开
9631,发
9632,度
9633,年
9634,满
9635,。
9636,解
9637,会
9638,联
9639,与
9640,。
9641,人
9642,人
9643,被
9644,会
9645,以
9646,旨
9647,认
9648,佳
9649,的
9650,和
9651,情
9652,者
9653,节
9654,谷
9655,歌
9656,者
9657,爱
9658,者
9659,趋
9660,士
9661,为
9662,联
9663,情
9664,认
9665,好
9666,技
9667,人
9668,爱
9669,被
9670,。
9671,满
9672,以
9673,议
9674,发
9675,以
9676,与
9677,组
9678,团
9679,他
9680,是
9681,最
9682,们
9683,佳
9684,活
9685,和
9686,会
9687,势
9688,与
9689,为
9690,。
9691,被
9692,人
9693,技
9694,和
9695,热
9696,们
9697,团
9698,团
9699,研
9700,域
9701,开
9702,。
9703,他
9704,认
9705,是
9706,的
9707,的
9708,节
9709,及
9710,术
9711,系
9712,是
9713,组
9714,并
9715,术
9716,趋
9717,年
9718,对
9719,技
9720,是
9721,提
9722,旨
9723,者
9724,士
9725,科
9726,会
9727,团
9728,供
9729,节
9730,被
9731,会
9732,组
9733,了
9734,势
9735,认
9736,旨
9737,。
9738,开
9739,发
9740,这
9741,开
9742,以
9743,发
9744,及
9745,爱
9746,开
9747,为
9748,开
9749,域
9750,士
9751,组
9752,者
9753,谷
9754,者
9755,充
9756,及
9757,开
9758,为
9759,技
9760,建
9761,了
9762,是
9763,热
9764,旨
9765,年
9766,他
9767,热
9768,活
9769,在
9770,为
9771,立
9772,团
9773,的
9774,他
9775,旨
9776,是
9777,业
9778,趋
9779,会
9780,讨
9781,们
9782,与
9783,绝
9784,爱
9785,士
9786,并
9787,术
9788,者
9789,和
9790,和
9791,技
9792,生
9793,是
9794,是
9795,和
9796,他
9797,人
9798,并
9799,歌
9800,歌
9801,。
9802,旨
9803,是
9804,年
9805,开
9806,会
9807,议
9808,者
9809,。
9810,机
9811,体
9812,情
9813,年
9814,有
9815,者
9816,是
9817,所
9818,以
9819,供
9820,术
9821,联
9822,士
9823,解
9824,科
9825,好
9826,热
9827,所
9828,为
9829,是
9830,系
9831,开
9832,动
9833,的
9834,佳
9835,会
9836,们
9837,最
9838,者
9839,领
9840,被
9841,会
9842,者
9843,为
9844,议
9845,好
9846,歌
9847,及
9848,好
9849,歌
9850,供
9851,旨
9852,生
9853,业
9854,机
9855,好
9856,及
9857,者
9858,开
9859,提
9860,体
9861,科
9862,情
9863,旨
9864,是
9865,人
9866,谷
9867,新
9868,术
9869,体
9870,解
9871,以
9872,系
9873,的
9874,开
9875,度
9876,开
9877,建
9878,开
9879,最
9880,势
9881,生
9882,域
9883,域
9884,旨
9885,他
9886,者
9887,并
9888,度
9889,开
9890,建
9891,热
9892,者
9893,年
9894,爱
9895,织
9896,者
9897,发
9898,领
9899,机
9900,专
9901,研
9902,是
9903,域
9904,科
9905,解
9906,在
9907,织
9908,术
9909,。
9910,术
9911,了
9912,。
9913,。
9914,开
9915,满
9916,系
9917,是
9918,人
9919,的
9920,了
9921,士
9922,团
9923,术
9924,势
9925,人
9926,组
9927,议
9928,技
9929,技
9930,科
9931,者
9932,系
9933,联
9934,开
9935,提
9936,旨
9937,技
9938,热
9939,们
9940,以
9941,并
9942,研
9943,机
9944,者
9945,供
9946,动
9947,对
9948,发
9949,开
9950,提
9951,者
9952,织
9953,势
9954,度
9955,情
9956,充
9957,动
9958,组
9959,体
9960,新
9961,者
9962,动
9963,认
9964,为
9965,谷
9966,。
9967,为
9968,以
9969,供
9970,是
9971,这
9972,对
9973,域
9974,所
9975,情
9976,充
9977,满
9978,术
9979,爱
9980,开
9981,会
9982,人
9983,年
9984,及
9985,。
9986,情
9987,技
9988,建
9989,会
9990,会
9991,爱
9992,爱
9993,会
9994,爱
9995,者
9996,会
9997,业
9998,被
9999,是
